order_id,customer_name,product,amount,order_date
82499ce8-ccc5-4f6d-bbbd-920a3206f776,Kyle Sparks,game,94.03,2025-04-11
071b06e4-7ac6-4912-be90-d4a7ae7a901b,Peter Silva,arm,115.38,2025-07-29
42548705-5894-4ebe-83e2-fcdcf128d476,Lisa Parker,wall,285.0,2025-06-29
bc666d8a-2177-4a1b-a5a6-8fa2eaf09bc8,Scott Gillespie,close,482.36,2025-01-11
c64ad4f6-b53f-4c25-92b8-8b54cd4bd689,Carrie Rodriguez,else,734.18,2025-06-29
db4f9724-a617-4099-bd3f-ad4cb7b139a3,Crystal Arias,ok,538.25,2025-06-15
26fd96af-f2c1-41c0-baba-bc056dcd9550,James Bell,another,804.67,2025-05-13
9faddea8-ef82-4574-8dac-76a086b91c71,Richard Combs,billion,451.78,2025-02-08
8a051faf-6c42-4454-91f9-c5a831b3dde8,Lynn Coleman,model,24.86,2025-03-27
5763c36c-fc86-43ef-8719-47f73311177a,Thomas Navarro,leave,620.47,2025-08-03
5624ea98-ce54-427e-81f2-53d629e9f60b,Anne Higgins,price,175.89,2025-05-09
29ed9a9a-5459-4eba-8fb1-64a4d6adf66f,Alexandra Austin,material,410.51,2025-08-16
dfecac4f-c37e-4f32-820e-ca320c892cf4,Corey Porter,green,148.26,2025-07-09
0ecb21d5-8960-4a2b-b68f-5b04a5976007,Nancy Barrett,general,144.79,2025-07-17
7c801aa5-8f2d-49bb-9efe-078be2cfae50,Andre Ferrell,real,393.84,2025-04-02
094e9ea5-0e6c-48cc-a70c-9e17b889529b,Brian Rodriguez,drug,277.97,2025-05-01
f2529343-c894-4a23-8b4e-3b1430108146,Jaime Martinez,avoid,91.89,2025-07-28
97199447-1a43-44ce-a129-27de883bfb81,Connie Weaver,likely,24.15,2025-09-12
8fd063c8-0b60-4fa1-a771-d38857a2460a,Mike Rodriguez,man,211.69,2025-07-02
01a624bf-0ffa-4b09-a7da-bd7b40f34323,Patrick Mejia,control,554.05,2025-04-15
2bb253b8-c392-409a-ba2b-d1281d86fcec,George Faulkner,material,761.79,2025-08-03
048f06d3-3dcc-44d0-8ade-f64f3daa7e91,Jeffrey Craig,treat,544.94,2025-01-14
4e4b5a4b-2fc2-4e57-8077-4f88ca9d5078,Joshua Gonzales,fight,419.17,2025-06-24
6c441f3f-23d8-421a-aae6-c25deebfd348,Robert Torres,upon,798.23,2025-04-26
42e94558-30c0-4f62-a72a-a35a1a1ce521,Rebecca Holloway,support,200.48,2025-01-21
e2200547-db75-4bd3-a589-cc6737170897,Amber Ingram,important,121.43,2025-05-10
7ae313e3-3952-48e4-8e39-4d992cafe147,Mr. Kevin Bowen,trial,877.02,2025-07-27
2d945f17-687d-4d47-99a2-9d9c4cc7b929,Maria Miller,board,574.55,2025-05-02
13029510-56c8-422b-9469-60b9984aa8a1,Stephen Jackson,tree,865.55,2025-07-01
2909189b-e642-4d54-a797-1be3ff934787,Michael Bowman,work,385.21,2025-08-14
e8c26921-fd69-420c-8334-bae8ff72d325,Chad Bell,reflect,752.54,2025-03-31
daf3e204-94eb-4e2a-9a7a-ea9341651bdb,Anthony Nunez,artist,257.05,2025-06-16
983a2341-0a97-43f2-9736-ff3b73f365b9,Brian Deleon,head,298.09,2025-07-31
391b1f80-ffce-4430-a6e3-9ab376f5541d,Amanda Barnes,organization,304.33,2025-04-14
1dbd43e6-dd02-4fab-ae51-61c4af1bc97a,Christina Logan,beautiful,528.75,2025-02-01
c921ae17-cdff-4a46-9460-11b288e710d0,Sharon Brooks,guess,480.89,2025-08-25
238e0ff5-0b4b-4f55-a0e4-b1be70fea8ee,Ashley Gomez,head,248.1,2025-08-12
8c20f747-47ae-4ae8-b541-facc6a195e93,Alyssa Wright,board,522.01,2025-06-26
32212caf-6658-4533-8305-65dee6854f3b,Rachel Bush,give,333.17,2025-05-26
84c9cb62-3cd4-429c-9d2f-4d842b0a5844,Hannah Weber,certainly,663.26,2025-07-07
e1639f69-5f2c-4228-8711-b6b5ffde51d0,Krista Dominguez,around,694.07,2025-01-22
6d9deaff-1cee-4716-82b2-e6642e998dad,Zachary Becker,face,872.21,2025-07-02
c575e108-ee88-48f1-b7ff-f5f8a4e67241,Amanda Ochoa,guess,830.56,2025-02-03
b742ae75-225b-459b-8c4b-af2e49f45b7c,Sarah Rush,age,592.4,2025-07-12
19c0017a-8df5-4e77-a806-513eefd09aae,Bryan Lopez,quickly,580.17,2025-03-28
2ea5b1c8-e136-4510-9855-786e011d0cb2,John Johnson,though,776.92,2025-09-03
47284b19-855a-46d5-bb09-23b320879eef,Matthew Hunt,film,304.24,2025-09-18
514586dd-cd12-4d2f-90ab-0610859a9036,Jonathan Edwards,baby,139.69,2025-02-07
993c91af-dcb4-4009-a38b-ba3adfe0b8e6,Deborah Alexander,challenge,465.39,2025-02-08
14198842-1837-4e24-be0c-84f7ec7bfe24,Andrea Gonzales,for,466.68,2025-05-03
541e0875-9325-4a0d-a2b1-a35442efede6,Beverly Garza,food,575.42,2025-08-20
188336f2-caff-4fec-92d7-6054353c580e,Victoria Clark,concern,628.14,2025-07-30
ea05dbcb-aa67-4f01-b6b8-1ad6265de82d,Mrs. Jennifer Johnson,treat,819.59,2025-01-15
b04c3779-dd7e-498a-8c4b-98433ff8ec66,Luis Sullivan,down,760.98,2025-01-02
644d1565-bf41-4ff4-b011-868aa985c68d,John Garcia,catch,238.75,2025-02-17
9ced038f-15d5-4903-8461-de88253d525f,Steven Mejia,kitchen,232.9,2025-08-31
4434496d-1e15-4efb-9a9e-f3d922edab69,Erik Wells,open,814.59,2025-08-14
208c8c6d-5981-4677-bfa7-1b2173cdba57,Mary Herrera,believe,325.26,2025-02-04
62f24cd2-641f-4658-b4f0-3e59eee55aab,Paul Lawrence,first,776.6,2025-08-23
4fbee63a-6241-4f11-ad10-12bb39e72384,Mariah Williams,or,335.82,2025-01-05
6748a00f-2557-4980-8680-c3f080714dc7,Emily Jones,use,892.02,2025-06-15
1dbcde46-6d80-4edb-9e01-27a322aadac9,Mary Johnson,half,302.17,2025-05-08
2b17ac18-b8cc-4291-b6d6-be4d59e63fb0,Victoria Faulkner,cup,867.23,2025-03-03
c7058330-82f2-4a65-9706-c0d2465f44f4,Amanda Johnson,suffer,431.02,2025-03-11
3841f094-9a8c-471c-9115-19c07eb4dc60,Michelle Clark,hope,660.8,2025-03-05
0842255b-c037-4a80-93e4-43368fe4e953,Sean Ross,here,419.78,2025-08-26
746444fa-9fa7-4a34-96e4-36a3edb99616,Sheila Gibson,article,547.17,2025-09-13
6cf260c9-02b4-496c-b7b5-6245b40de67e,Alexandria Manning,character,638.55,2025-04-28
3218e5bd-82b7-4581-ac7f-841e26d76879,Kim Garcia,system,306.34,2025-07-03
3058198a-3d04-4548-86cc-d7ae126c36c9,Timothy Stanley,wish,87.32,2025-07-21
7192c46c-6c92-4a74-b039-419dc096f109,Michael Taylor,hope,611.56,2025-03-25
f365da0c-3434-48d1-9e9a-b7eca3e36416,Arthur Stevens,worker,840.12,2025-07-29
f1368be0-035a-4beb-8112-c7f2d6b030e3,Sharon Boyd,four,-5.06,2025-01-17
daf40f87-8e90-422a-b901-5fc9a1c8f5a6,Tara Crawford,already,434.77,2025-03-29
eee8f383-b2a2-4a00-96f3-c0a487d9cd7b,Katrina Morales,laugh,374.37,2025-01-15
f357867b-0b61-4eec-aa34-ea7d5db4b407,Troy Walters,eight,303.7,2025-04-01
0ea29134-a7cf-46e6-8e82-cdff1d4e56f8,Shawn Smith,past,592.83,2025-05-07
5f5a0a16-cf4a-4a0d-a9cb-24529bc7a5cb,Ricardo Williams,speak,729.27,2025-03-13
a73df89b-1ef8-4501-b155-7403a88b4c83,Lynn Kelly,garden,600.94,2025-05-08
525b0dfc-1c47-4513-a021-d9e175267756,Timothy Hogan,thus,158.01,2025-03-02
bed9f1f7-3475-4943-8880-3aa7cafc6dea,Wendy Weber,piece,388.23,2025-09-14
a708b9e4-8da4-4095-8e5d-60aa0c6e0e5a,Joshua Estrada,size,69.78,2025-02-22
78156e0e-e42d-4cae-922f-f0a9e45fd6f0,Robert Thomas,easy,730.1,2025-07-15
dd6a22ff-93fe-4fde-b910-e7a35b02c30b,Andre Young,see,83.98,2025-04-04
94bc1b04-2c34-4dd4-ba03-d675866ff176,Kevin Chandler,offer,477.17,2025-06-20
1e7587e7-3502-4092-87b7-284e9e4b3bec,Tammy Welch,remain,124.81,2025-06-03
dfd5d526-e9f5-46cf-aac8-5bf5dee34082,Diana Hoffman,turn,226.32,2025-04-26
0f2c37a1-997c-4cdb-a32c-39a04a80aae7,Nicholas Davis,test,718.46,2025-02-04
4b795325-2be7-4e1b-aba0-3a2eeda42e4b,Heather Hobbs,eat,39.01,2025-03-13
cc016fd1-db60-4ac4-b57a-359431f67e95,Robert Rodriguez,property,724.61,2025-03-28
5e90da6d-96cd-4a5e-b7bb-9f7fec907772,Robert Warren,another,774.32,2025-06-20
e9068525-f94d-4d74-b249-0a11bb65cc43,Leon Bartlett,sport,765.7,2025-02-11
a7c67c2a-9cec-4709-b05d-f7d40b5b5cf8,Donald Johnson,cup,235.83,2025-05-15
38620900-0e8b-4aa1-966c-059dc77af65a,Bridget Wallace,resource,877.93,2025-04-11
087a4758-0aba-498d-af03-85bc421ca812,Sandra Gallegos,very,730.62,2025-07-12
091d0735-25a6-4934-a14d-c9076c6eb133,Kimberly Jordan,ready,385.47,2025-01-02
dce01e6c-829f-46dd-a01d-5b60699e9644,Jacob Hicks,seven,721.11,2025-06-27
e7e873c0-8a47-4e75-a1e2-cfad586d280f,Kevin Boyer,watch,250.38,2025-08-27
fe5c4d6e-433f-4ecc-b26a-dfde156f3fb6,William Hunter,action,6.18,2025-05-17
b430a73d-6e9e-4b7c-9a5a-e06c91a78080,Mia Lin,carry,727.9,2025-01-14
448fba90-9110-44bd-b4d3-c1f808daa0f0,Christopher Robinson,officer,662.37,2025-01-07
5e475efb-6868-461e-b665-95fc59ffdb9a,David Carson,agency,604.97,2025-04-11
e145741d-0414-4771-8513-e24caf125aa4,Andrew Torres,fight,429.88,2025-03-24
a8e7fa7c-8c2b-4aad-a1e2-48ac8b9f6967,Jessica Bowen,believe,622.8,2025-06-21
952422f3-c750-4480-b2ab-6fa1ff8b428b,Donald Kelly,buy,643.58,2025-03-24
1ff8470c-79a4-4f81-8b49-919661e4d566,Timothy Ramos,agency,146.7,2025-08-16
e3f4fe0b-060e-4807-800f-0cfb92c93658,Jessica Stevens,identify,383.28,2025-05-13
67505e94-e858-40cd-b8f3-aae989672e05,Mr. Patrick Brown,happen,805.19,2025-06-29
765f6b99-af93-43e9-a1cc-65021f277a6b,Krista Wagner,cover,159.9,2025-06-05
413e6fcf-b33e-4919-83b0-47d3822e03c9,Anita Williams,home,196.9,2025-01-18
8adb2770-70d8-4d6a-af82-566b1c3f954c,Sarah Hampton,debate,599.48,2025-06-06
40dd4b30-cccd-457b-974a-71497a31e925,Mark Anderson,including,563.69,2025-02-19
af458f4d-42d0-415b-b6e8-7e6b7cf23500,Kevin Nguyen,suggest,218.34,2025-09-05
74d2739d-3c47-457b-b7f8-60335af12b15,Micheal Fernandez,matter,257.51,2025-08-29
a57dfea1-c472-4b00-89f8-aad1bd7a63ce,Christina Rice,sound,682.75,2025-03-05
9f5a3e15-b411-45fb-a6ee-607d04b9b867,Benjamin Porter,quite,740.51,2025-02-24
c2d42556-a718-426e-9370-db48df3ed1db,Jeffrey Santana,clearly,555.69,2025-05-22
e93ffb31-cb99-4a47-a539-b900ab3fd26d,Peter Mclaughlin,civil,236.32,2025-03-08
ad5b6ea6-afb8-4175-b53b-4c8bf70af719,Julie Sanchez,which,724.36,2025-09-08
a5d5f454-90b4-4786-a4f6-6f1b94cfb279,Darren Gray,think,418.98,2025-01-28
14f0ca05-d7fe-4a5f-a4ef-6f1b50bea443,Mark Shields,inside,303.75,2025-07-18
90642f91-d813-4cc0-bb72-9cafc93a216b,Shirley Roberts,specific,351.12,2025-08-29
aa70c8a6-9778-400b-bf91-701b2b68cf2c,Tracey Campbell,international,130.25,2025-02-26
72b5ec78-36cb-439e-b7d8-a0f4fed17a91,Eric Morales,itself,144.28,2025-08-19
0c46411e-8fca-421f-be8f-a35480737c8c,Jeffrey Perez,member,591.29,2025-03-12
dcaf5c5d-b61c-48cc-87c0-aeb61b2b219a,James Maxwell,product,752.64,2025-08-20
1addd709-0e77-491f-80b6-33e09141aa79,Jesse Robertson,rather,372.49,2025-04-18
ff07c0b5-1ebb-4f40-adb0-586810b8e4d3,John Jones,themselves,623.95,2025-05-10
fc1d7ea8-36d1-4cb2-9e32-99bbe4f1082c,Daniel Smith DDS,small,555.0,2025-02-14
aa39a1f6-20f1-42f4-958f-bb6721990f18,Keith Wells,government,309.57,2025-01-06
b5b0bd41-d023-441d-9a40-3c7c67c7eaa8,Tyler Baker,use,30.17,2025-04-24
acad373c-ae90-4f3b-bdde-f508efbc03be,Victoria Rose,improve,31.99,2025-08-12
ba22fdfc-e304-4aeb-b697-c1fd65af1877,Sandra Anderson,experience,414.09,2025-06-14
949879d1-8012-40a3-906d-eb06c7433000,Wanda Burke,need,812.9,2025-02-15
af2a595f-592c-4477-bf50-6848cc3a8859,Danielle Lewis,memory,873.65,2025-07-18
7706cce0-a70b-4164-af60-3895b14a7a25,Luke Hernandez,commercial,392.65,2025-01-07
72d8e26b-ed1e-4b9b-84c3-3bd60086b7d3,Travis Gordon,fall,105.32,2025-05-16
d5b3983d-243c-46e2-858a-21ad2c8b5c69,Jonathan Hall,likely,800.61,2025-06-08
1c60c897-4be2-430e-a7a8-bcc66b250994,Michael Long,this,613.71,2025-08-14
9f398aa4-96d0-485c-b3ab-776ac754cbe3,Wesley Ramirez,edge,866.14,2025-06-12
6fc4d341-9e4b-483a-a425-22552343265c,Tammy Mccullough,animal,555.37,2025-02-24
d8f1875a-d68d-4741-8eec-e24b65074a3f,James Ayala,foreign,235.35,2025-08-02
7f699f2d-e76e-4012-862f-7df991c34479,Catherine Wilson,work,796.43,2025-02-28
5d517837-7056-4f69-9ff6-fe800c5990b2,Justin Campbell,training,765.17,2025-06-25
132897c0-c10e-4ded-aaa0-a5e35ef8b715,Brandon Ayers,take,430.6,2025-02-02
238f7cb3-8c4c-418d-9294-87c6e19e1c38,Dr. Daniel Carson,institution,227.22,2025-03-16
e0723f1e-4a4c-4bbf-b9b9-29d032066d07,Michelle Contreras,force,210.03,2025-08-04
004291d5-0dce-4b8e-9470-9fee690467f9,Kristin Goodman,debate,170.54,2025-02-17
85ac8f63-d1b8-4756-b9bb-acb51dfa491c,Caitlin Davis,account,122.05,2025-08-17
45fc0a62-a0ca-44b9-acc8-badbae4051fc,Zachary Alexander,action,254.55,2025-04-11
9ef8c395-f64d-4e78-a6bb-2031eeed44b7,James Norris,range,250.81,2025-08-02
bf8eb4dc-1468-4843-9bb7-817f70c8dba8,Zachary Jones,old,196.11,2025-07-09
29fffea4-8a9f-45bf-bb02-97adb05bf8a1,Elizabeth Torres,bag,702.68,2025-01-30
50051ead-4df2-45bb-abd0-2f223188b131,Sara Nguyen,water,885.27,2025-05-20
c3c4b96a-493b-46ac-b69f-8d76318e68d6,Danielle Webb,friend,574.66,2025-07-01
d45fdf21-406d-4675-bdcf-6d82e90379c7,Lacey Rodriguez,different,627.17,2025-01-16
b78290c5-8737-45f9-8590-a7fe5054d3a5,Michael Guzman,action,822.97,2025-09-03
d6b95742-9c16-4f35-bba8-e65c5bc642d8,Marissa Bradford,deep,93.3,2025-07-16
ea464d2d-08d7-4aac-842a-36a3c0a5f726,Brenda Simmons,house,268.44,2025-01-22
a4a909b3-4813-46f1-a53e-f1a5c5d2dc54,Carolyn Summers,as,727.86,2025-01-17
2a1b32dd-41dd-4913-8174-a4382c7dcf77,Joel Evans,her,816.84,2025-07-07
6d00708a-09a4-45b2-ad6c-b63611374767,Joan Bond,let,680.15,2025-04-18
495b03b2-81cc-4818-9b20-4ff0a78f42d7,Amy Allen,fill,597.58,2025-03-10
3c237761-7d4b-4913-946f-51258e725cef,Matthew Jones,turn,451.51,2025-03-08
05d1f807-15e8-47ad-97f8-e8637043ef9b,Donald Chen,environmental,816.17,2025-04-07
3d7b6e8c-86b1-4ac9-9bc7-e6448ed87d21,Casey Scott MD,movie,1.19,2025-07-02
45b8bc82-391d-414f-a7ee-4af09e847793,Shirley Williams,say,723.69,2025-04-29
9ab04156-065a-4892-b498-948635524f00,Luke Gibson,once,654.6,2025-01-07
1704dd54-72cc-45a7-865d-55d33895d5fd,Joseph Griffith,thousand,798.2,2025-01-02
a29eb7f5-88a5-4d3b-944b-910af9a0f681,Julie Hutchinson,worry,718.24,2025-08-04
26028647-7bf7-4d51-b9cd-c3751f5ff243,Sierra Underwood,road,419.47,2025-03-17
1644a275-ac54-483d-aa8e-be2a5610692b,Linda Gibbs,property,641.72,2025-02-25
41fbb099-acdc-4cab-8567-de24c7419e27,David Carpenter,ask,183.03,2025-06-27
53bc5ff2-7c85-4645-9b0e-653088f93707,Sandra David,school,22.97,2025-03-04
89c0339e-cd41-4d7a-82db-bfca0f18d338,Wendy Terrell,plant,593.09,2025-09-05
32ed1870-0a6f-4f35-b69a-41507c0fe56b,Shawn Hester,decision,90.24,2025-08-18
97bd05e3-506b-4b29-9635-320d4be4cc9b,Curtis Nguyen,box,139.61,2025-08-07
e071ebb5-9afd-40b9-9e5c-8c9a0ab06583,Donna Perez,enter,690.98,2025-08-05
bde51de8-e876-4a67-a303-2715ac18a40f,Emily Smith,look,447.22,2025-08-15
1dd86166-611b-46c3-b885-d01d7f1c37d0,Anthony Wong,actually,247.21,2025-03-30
55f82c7c-55a0-4fa8-96d5-ae394756d08d,Louis Phillips,conference,37.3,2025-07-23
b96728ad-4e80-4707-8fcf-787356795bd8,Sarah Cunningham,outside,880.49,2025-04-28
90d51553-7693-4c30-8892-44ada1775ac0,Cameron Smith,fast,153.0,2025-02-16
12bd5319-a391-498f-af1b-797b7cb5980f,Jennifer Rodriguez,office,300.05,2025-08-13
49d82dd5-2023-49c5-b64c-44382a920624,Earl Caldwell,others,657.75,2025-07-18
933115c1-9237-47af-814b-70bf19a3c077,Jessica Stewart,ahead,163.91,2025-02-03
198af6cf-654a-4656-b006-5a50c4abec1c,Darlene Matthews,hour,786.98,2025-06-08
05ecc79a-cdc9-48a1-ba88-a9a81e861d2a,Randy Mcguire,summer,511.87,2025-06-17
cd04bdd1-e61c-4315-8760-84775b25c2c7,Christopher Patel,pay,271.82,2025-06-08
3711edbf-3213-4072-a341-9b050f6be264,Dr. Steven Sexton,pay,448.42,2025-09-06
3e75cbd7-4357-42e3-bcb7-28228ff182ba,Traci Morton,natural,496.19,2025-05-09
a0bdaf75-6546-443c-82b9-c942b4dbc702,Anthony Wong,across,99.98,2025-03-20
55e178df-3e6f-4c94-b5ae-b82fe9315345,Crystal Tanner,institution,583.41,2025-04-28
22084310-0304-4df3-a29b-2c0d65c652d0,Bernard Mason,sense,530.91,2025-04-10
0f2e921a-15e6-4b5d-9638-ae724a90c91c,Holly Hood,argue,76.57,2025-06-13
49f528d2-ba5c-48a8-a9cb-7f6294290a0d,Cory King,for,129.32,2025-09-13
fe8d1463-846f-4d47-a41c-972677d2ef52,Maria Thornton,raise,647.03,2025-03-09
3a5ef443-d44f-4162-839e-06101aff5f1e,Jessica Zamora,food,393.71,2025-01-08
78c7cfcc-fbf2-40f2-95ad-da569280125a,Steven Sosa,lay,45.68,2025-07-10
84284010-cbe5-4463-a84a-28a0d4e55f18,Johnny Parker,to,164.99,2025-06-24
5a666e11-59f5-4056-8810-c1b5f2567824,Jermaine Scott,trial,173.02,2025-05-13
99472615-c0a2-4f7c-b539-5d566925c3a2,Kristen Williams,hour,239.05,2025-08-01
8626fa7a-170c-46f7-a325-f666bebe1c7c,Angel Ramirez,natural,583.12,2025-06-26
a938f939-4e2b-43eb-adaa-c133f1827d3b,Michael Hart,boy,306.31,2025-06-23
cfe931df-8bf1-4453-903e-5d17679a7a84,Lindsey James,interesting,818.6,2025-06-07
eab2ee8a-5354-4c12-bbdc-bea66f108ade,Mary Fernandez,wait,863.35,2025-07-08
646795dd-46cc-4a16-9205-2b3c2e2298b2,Nicholas Smith,hard,359.52,2025-01-27
9cb79cd5-14e7-47a5-b9fc-7e33be6abe43,Paul Roberson,western,1.48,2025-07-26
86aabe7c-318c-4bd1-8bc7-1197987856ce,Corey Dunn,shoulder,568.05,2025-05-23
d042f159-23e1-4bb0-b6b4-3cf268988461,Michael Calderon,building,84.54,2025-06-05
066b8769-ccc0-4f61-a6cd-adf8c12b67a3,Kathleen Fernandez,item,285.45,2025-08-05
26b62b11-e95c-4300-8712-066ed54a8601,Rhonda Day,general,45.18,2025-03-31
e98a242c-0312-417e-b658-cbd81d95b981,Robert Cooper,program,496.37,2025-01-03
bca095f9-a787-44f5-90b1-81af65a1f481,Daniel Andrews,home,247.88,2025-06-05
07c225a0-0212-4c02-8936-50d844819d4f,Michael Nielsen,window,534.29,2025-02-25
56a0c0f5-0d1e-4e1e-a2af-37c15ec47044,Michael Wright,then,565.49,2025-09-13
96f46b2c-572a-4534-b789-11aaf6eba16f,Lindsay Smith,purpose,585.75,2025-01-01
f27ac25b-fa52-4827-a83f-d584d848917f,Christopher Adams,wear,390.41,2025-03-13
015ea265-c869-400e-a1fb-c57a7d969779,Elizabeth White,best,726.42,2025-03-02
4ee6be5f-8b00-41f4-95e9-8dafb2fab529,Tom Chen,yard,567.44,2025-01-08
9d075c75-983f-4cdd-afe7-6672768f1db7,William Moore,feeling,832.77,2025-07-27
92c6a68e-8886-4002-8c8b-88dc9207a625,Paul Johnson,positive,282.91,2025-08-29
c625a37f-879d-4cc4-9cf8-ef3fa19deed4,Christopher Blackburn III,near,708.87,2025-01-14
6cbacabf-a70a-4487-b71b-151d339d48f1,James Meadows,on,271.51,2025-05-04
a9e7d2cd-676f-4430-81b1-ddb1d7981ece,Anthony Williams,study,506.33,2025-09-03
be5fbb79-f267-45e6-833e-e2ab01c08b0b,Pamela Martin,cup,143.23,2025-06-12
ef636333-bbe8-4551-8bc7-9977f3d67798,Stacie Gray,tend,119.46,2025-01-08
bfcba62c-5aec-423b-99aa-7e5d8d6834a2,Leslie Christensen,Mrs,46.05,2025-08-27
7e906ff2-a904-4422-a810-2ef7107e8c6e,Mrs. Jennifer Larson DVM,cell,556.03,2025-03-16
9daef574-7ce6-4fe5-bc85-5001ca7d3a00,Lisa Haynes,tax,825.39,2025-09-11
5cb27e3b-e760-4183-94d7-20aaeadcb20c,Lisa Harris,stop,261.73,2025-06-01
db5d2a58-9d40-4b00-bc13-62003615c4bc,Bridget Anderson,yeah,656.25,2025-07-16
a6c4c9bd-73e3-472b-82ac-f1243d6a0440,Thomas Flynn,room,860.05,2025-03-05
680d10fe-48fa-4fa9-adc0-ef22335ef68a,Danielle Sullivan,let,824.24,2025-08-30
3268ea3d-198a-4a8f-b9a6-00ce19f29ba9,Jillian Butler,finally,673.7,2025-08-15
0a563c18-638f-4a98-a9c3-07b3bf5d7bf4,Troy Jones,evening,167.51,2025-08-02
ca3946d8-f513-4abe-862e-cd60ee1c5430,John Jones,loss,528.47,2025-09-10
dcd229b7-e186-4a99-9d2c-9764416c69ed,Bradley Gray,help,159.62,2025-08-09
4196f8e6-9e1e-4933-a0bd-d9617439c6af,Meagan Whitaker,partner,81.7,2025-06-28
9ec8fad6-6520-4d0a-a2e1-4f0621aca9e4,Linda Campbell,garden,862.78,2025-08-28
2442c0eb-eae2-4f65-89fb-f8baf9a9b4c1,Eric Phillips,process,238.26,2025-07-26
2a486614-09d0-429f-b16b-e9dc5160062a,Joel Andrews,manage,739.27,2025-08-27
1b58bdba-bce0-49c0-a717-03cf40bffb94,Johnny Thomas,environment,633.88,2025-04-07
5ae04c5a-3226-4b00-986e-6a30b4a3ac90,Amanda Nelson,suggest,270.42,2025-09-07
fd5e11db-3c4d-4d68-9b08-677b92894390,Robert Moody,sport,361.13,2025-04-17
24a23e9e-be3c-48fa-97c0-979a6e63fc48,Aaron Raymond,until,148.39,2025-01-25
10a18ff2-3c62-4523-8617-b7ad8ce5ae7e,James Jones,life,229.63,2025-04-28
3e2dbb83-924e-475e-8ab0-1e2f11570879,Edward Martinez,seek,788.66,2025-01-31
c71a3495-4289-4f3f-ac1c-fcf9c190848c,Christine Ramirez,to,429.62,2025-06-27
6cd31839-88b2-42d2-83cc-0605bc77b599,Miguel Richards,else,408.79,2025-09-11
7ab98273-a3b9-44b6-a76a-b1b2b5fb2fa7,Eric Jones,likely,111.73,2025-05-07
0a287a33-4394-4f26-b99b-6f0a4d62c32d,Michael Gardner,teacher,247.41,2025-07-21
9202a483-590a-45ff-b110-f51c9213ebc5,Keith Phillips,account,281.44,2025-01-25
b252acbb-2ad3-4c6b-abcf-66261d7192ff,Cassandra Morgan,believe,577.69,2025-04-21
af6eed9d-7b67-4bd9-bce7-84894cb72e50,Bryan Wilson,administration,266.88,2025-08-08
2d15fea2-a5de-4867-8ae1-0893ae794d05,Michele Garcia,idea,536.76,2025-01-06
9cc120e5-23e6-4c15-9438-e25f3364c74c,Gregory Mcbride,hard,577.82,2025-07-12
7ab2e57b-7186-40a1-83dd-6ce3d47dfd01,Susan Baker,former,716.74,2025-04-26
394d7fa1-e82b-47bc-a6aa-01b8ee02f186,Ann Holloway,mean,696.02,2025-01-14
eb3fd1fb-a422-47f4-b7d3-57182b89c945,Ian Beck,sign,584.52,2025-06-27
6a033e18-c02f-4ddf-9392-6c651369cbd1,Jonathon Holmes,yet,792.06,2025-01-01
dfb59e77-4da8-4000-8fa1-eece9c2e73ae,Mark Holmes,car,145.45,2025-03-16
3a924647-9689-4054-a0bd-5860c05dd06d,Beverly May,clearly,560.94,2025-01-04
d9d8ad07-4b58-4601-b4fe-7589f0eeba5b,Kyle Valdez,here,606.28,2025-09-19
3800c426-784b-4f6f-9d5b-77816815a651,Sheila Ramirez,allow,756.4,2025-06-22
63698fda-8889-4959-89e1-6d9661a5cf6f,Julie Figueroa,buy,326.23,2025-07-29
5b159d3d-ddb3-42e7-9f67-6094c040ef93,Sarah Massey,month,530.49,2025-02-15
a5d9bffa-6fc7-44bb-9279-bb8c6e7d59d1,Fred Moore,practice,406.47,2025-02-18
13964630-b6bd-41c1-ba6d-fbe1173cc588,Shannon Garcia,resource,507.79,2025-09-15
19b99fc2-b8a6-45ef-8b34-337bcd1f9957,Deanna Hull,involve,786.19,2025-09-01
aafed82a-8094-4f47-942c-70cb80894f1c,Judy Anthony,indicate,331.12,2025-07-19
8305b6de-ec0b-4c6f-984b-b496e6b02d06,Holly Hawkins,course,634.42,2025-09-05
50929f86-b7f4-4f76-a87b-fa3d9952fba6,Michael Hall,make,484.12,2025-05-22
fb4da5d3-d887-4fec-aa74-0decd059475b,Brandon Duncan,available,858.73,2025-07-12
cc1ebc64-f165-4bf8-a82d-9c326235e6ba,Jonathan Maddox,first,145.26,2025-05-22
269f4887-8275-4833-bb6a-d703a9aad741,Zachary Garcia,story,416.84,2025-08-31
a8c718d4-ffc5-44c8-a6cf-1c36ba2b8221,Christine Wilcox,find,370.83,2025-04-05
835b85e3-5386-49b6-a3eb-2ebc536f88e9,Debra Johnson,glass,247.87,2025-03-28
80be8b62-471b-4a2b-aa0b-6547c6501e9c,Misty Robbins,exist,878.17,2025-04-14
8babb202-f8f3-4765-9cb2-e8f1db97eead,Adam Lee,laugh,391.62,2025-01-25
5558de07-06b3-4bca-9367-9fd84cdd91ef,Lauren Gallagher,live,537.14,2025-02-25
32841429-83d0-4de6-b9eb-b5aef5a286aa,Sergio Wolfe,later,869.15,2025-07-10
da58c611-9ab1-44e1-a662-a5ca7c9e981d,Cynthia Davis,travel,474.57,2025-04-08
2796035b-c3bf-40ad-b20c-8b22a867eda3,Andrew Barrett,federal,810.28,2025-07-01
0b055edf-3cc8-46a0-b939-f7636e65b9e8,Pamela Holmes,sort,227.55,2025-02-10
6cd15a15-5e96-4954-a0b6-3e6b426b85c6,Hannah Silva,concern,616.88,2025-08-17
96332946-4873-4073-b8d5-1c20989323be,Kelsey Gutierrez,citizen,669.45,2025-07-17
bc89981a-d09b-442d-9ee4-5482180d30bd,Phillip Dorsey,conference,112.93,2025-04-18
758d7183-2a8f-455c-926c-bf9717745a5a,Keith Hudson,difficult,-7.54,2025-02-06
49c93ac9-3320-4763-abc9-238e91df78da,Jeremy Webb,bank,400.51,2025-08-08
aecc8b4a-4995-4b0d-a327-1798ec29d6e8,Erin Baker,push,446.75,2025-01-18
99917e96-c14c-496f-9a59-a6e8f11fc002,Michael Meyers,citizen,238.01,2025-04-28
e6de566e-7693-46bf-b2be-e3ba0160f544,Ryan Bolton,rest,758.18,2025-09-04
a9e39c49-282d-493a-9336-421c43a6f596,Theresa Smith,go,358.13,2025-07-23
14c4c67f-5509-4810-a560-35b0e165bde4,Madison Hayes,put,646.4,2025-04-15
852ba9dc-14cf-4fa1-88aa-33b32ca55d60,Thomas Collins,of,195.35,2025-06-26
cb677879-272d-42bd-a85d-d58d4b2feb3e,Angela Wilson,any,815.6,2025-09-19
10e22220-8e85-432d-90dc-03e1e3d4ca82,Francisco Wallace,media,483.64,2025-03-21
6e814a55-bbfd-4419-a5f4-7be702343f43,John Jenkins,catch,87.34,2025-07-07
6ef78a10-4797-440f-a769-512bd6a9b46d,Anthony Rasmussen PhD,such,492.54,2025-09-09
98c470c1-ced1-45ec-b98e-54cc48455e24,Dustin Ruiz,plan,413.38,2025-03-03
49f98abd-2aff-46ba-a716-e2b13797f7cf,Riley Herring,mind,169.63,2025-02-18
6106968b-56bd-4d74-80a0-c3c381af62f9,Karen Morrison,theory,586.98,2025-09-07
5902c96c-eae4-43d4-9079-08132cf34c10,Michael Lee,base,104.11,2025-04-25
e1345cd2-0403-4ad9-8db0-c93434017347,Dennis Farrell,option,711.18,2025-06-04
03cb06b1-ac2b-435d-b0c6-39f8b1f2f150,Alan Hensley,recognize,288.45,2025-04-08
33edbc7b-4cb6-4bc2-8a36-7e7c603f6650,Adrian Jones,site,431.5,2025-07-31
0b693f11-cc38-4178-ba96-b3875353706a,Michael Cantu,stuff,77.1,2025-06-22
c8059174-7b1b-4b9e-a58b-c97e9843d217,Cameron Peck,daughter,403.96,2025-01-10
eeca8ec8-3e51-473d-9fc0-9671065b7621,Stacy Meyer,perform,839.38,2025-09-11
3ec6c6f8-8c06-416f-93cd-befa3103760a,Mrs. Mary Gibson,bill,179.63,2025-08-02
522a90c0-e8ab-462b-a70e-063d6f128e69,Andrea Rose,card,756.73,2025-07-10
494cf743-e6e3-4637-b0ed-6456cde2eec5,Patricia Jones,professor,200.5,2025-04-07
edb009f9-23ef-4dd3-a3cb-ec59f52484d5,Melissa Cortez,mind,231.0,2025-01-03
e19d89b0-19b1-402c-9c87-232af46d83ed,Lindsay King,beat,338.47,2025-04-20
313a32d7-efdf-42e8-9bf6-55f72c7cf21f,Rebecca Flores,again,820.77,2025-01-19
3b90c514-dccf-4f33-b686-703accfe3710,Robin Houston,first,393.16,2025-09-18
b0c64ab9-71cd-4290-a491-043beb54f9ac,Derrick Walls,side,744.86,2025-06-14
c53c711e-e590-4e25-8ffa-efbff70a3105,Mitchell York,together,470.28,2025-06-11
bbef64c3-3cc0-4182-8f1b-d18dc008802a,Colin Payne,employee,180.86,2025-04-07
cb28c220-685b-4ed9-bc95-09aa2a269475,Angela Weaver,woman,257.84,2025-04-02
4bd03267-8a1e-4a5d-8c79-2896f978bb31,Savannah Frazier,feeling,166.77,2025-05-11
74a3bd15-4f44-478c-99b7-3fd3378b1782,Kelly Freeman,push,266.9,2025-06-22
7c764fb1-d4cb-4e99-af97-11c6141c496e,Dr. John May MD,item,384.49,2025-06-18
1c774bb3-1502-46c1-b5d1-670a091f0f12,Jose Howard,child,479.73,2025-06-22
35449561-992e-44b1-8e76-08b25b9b0981,Debra Sullivan,hour,-7.82,2025-03-19
b6f91adf-9f16-438e-8527-d6ba2678950c,Lauren Flores,us,495.83,2025-03-28
ac32227a-bdbb-4488-971a-9378d9a6415b,Edward Montgomery,war,315.09,2025-06-10
06cb553b-f00a-4a98-9f13-e2d6182fd4b0,Cory Gibson,require,288.83,2025-05-19
cc12074e-4e72-4709-a523-cb54dc91191c,Timothy Lester,total,847.61,2025-06-23
45aaf5df-9d87-4b79-8864-57b4df07310e,Eric Porter,authority,613.63,2025-03-30
4c938cf5-3e16-4fda-b3b3-1a3329432e14,Michael Rivera,civil,605.16,2025-08-01
ae60147d-b0b6-4aab-9ae9-4e738a5a96ae,Mr. Jeffery Sanchez,purpose,160.73,2025-05-19
c7614e54-6579-4bb7-8bff-c8181389944a,Sergio Baker,wonder,215.12,2025-06-04
1f597afc-f091-4ee3-9a37-7161e09d02a0,Cory Smith,near,362.49,2025-09-05
e9908ca1-fc58-440f-8be2-a07c3e6e1aea,Jason Boone,understand,743.78,2025-01-03
3208e661-38b4-4fba-a3d2-d19b6d9107e2,Joanna Charles,game,351.69,2025-04-02
571d3857-b80f-4e2a-b377-0251e5e59865,Leah Mitchell,positive,192.86,2025-06-14
7c4c9cc9-3bd4-4cc1-8aa9-fd4b57fc4f88,Kristin Page,risk,285.66,2025-08-21
de77c39d-2847-4591-a6db-a88f6dd8b33c,Theresa Thomas,must,98.42,2025-03-10
2d8e46a4-0bfc-41ff-b80b-1bc1f86f13cc,Sharon Price,set,41.42,2025-01-06
5c908ad2-6b3e-47b9-bc7b-2f44e2885631,Raven Preston,effect,885.6,2025-04-27
aeb4c561-c7bf-4241-aa23-9e9a9c53fac5,Anthony Young,side,382.01,2025-05-03
b418ec7d-0925-4f9c-aa41-ed304a7adc8b,Brian Short,medical,54.97,2025-09-16
c4242b0f-cee2-4639-b66d-95de78cfc05c,Casey Snow,stuff,206.4,2025-05-11
878e9de2-daba-42fa-9a05-02042902f36c,Ms. Regina Carpenter,state,768.62,2025-07-07
8b779388-cb5a-41fd-ab5d-0c6c4311b267,Laura Martinez,approach,466.26,2025-08-17
1e3c5cb8-4de9-4333-8828-d97cd4d0a54e,Melanie Alvarado,short,11.81,2025-01-04
ce5f7331-68d6-4c7c-bd2a-900810393e7c,Susan Dillon,brother,49.16,2025-07-04
11ea9a39-6174-418a-86da-0eb65abf1258,Rachel Chavez,know,381.3,2025-05-31
b2b62afd-5ad0-4342-8496-6ae0c45c6bd9,Casey Owen,others,881.91,2025-04-03
30136d66-a8e3-47cc-8639-899ac45ef5df,Janice Lloyd,tell,554.59,2025-02-13
44e008f1-7411-4922-9301-72de6f5b390c,John Smith,human,123.87,2025-06-09
a23efb78-4773-4dc0-8c29-89feb31d4c77,Ryan Robles,half,58.78,2025-06-02
02270cbb-46ba-4d8d-9d5b-872783854141,Christopher Freeman,defense,340.53,2025-06-06
3de9a2c1-1786-4828-a924-e71a2936324a,Tina Trujillo,most,740.28,2025-04-05
af3185d8-6135-4a38-8ceb-c15908081e07,Michael Villanueva,authority,863.57,2025-05-26
6eb0a674-53e7-42ca-b6da-4a230ca8466e,Deanna Chapman,management,604.01,2025-04-15
33eafc8e-b111-4593-8d10-db5ae83d44a3,Joanna Powell,include,99.76,2025-06-23
a7607503-eea1-4b45-84cb-67ac7350aa54,Michael Barr,hotel,686.73,2025-07-20
f15ee413-cf6b-4356-8dc7-d2a0282b8d8e,Nicholas Martin,market,627.91,2025-06-24
00582d2f-9bf2-4fb8-9943-981b6bfc7970,Stephen Hall,peace,341.61,2025-06-14
bc48654f-71e8-4df1-9029-0f9934a23c3a,Mary Baker,goal,670.25,2025-01-11
62b64b75-def3-448b-b87b-919b2a6941d4,James Gardner,race,750.67,2025-04-03
77fe0091-85ea-4bc7-b8a5-28c601c42d05,John Hunt,since,355.94,2025-02-25
ad1c7f0e-0802-4632-a276-a330713bc8a2,Lauren Thomas,think,269.87,2025-08-29
8e947047-de52-466c-a73d-6dc2c9b715e3,Charles Black,light,771.4,2025-04-13
e07160ea-ae95-420c-a07f-9fc1e377e319,Samantha Cortez,southern,611.65,2025-03-23
f7baf2a3-c448-4c78-b3c3-ddf040e787c7,Brian Meyer,determine,175.53,2025-07-30
24bbf5dc-cbb5-4ef5-9be3-1373c39df6d0,James Garcia,kid,431.36,2025-08-27
498dfd34-dd73-4ad7-acdc-5277c95e3225,Jeff Dalton,assume,399.16,2025-05-29
e45e859e-8375-4779-a60f-484bae584757,Trevor Williamson,southern,516.34,2025-01-05
f6cafa81-07b5-40f2-b669-e1fe635a213c,Kayla Richardson,create,829.8,2025-08-05
242a62ff-3cd3-461e-8606-37e92faccbd1,Richard Dunn,role,148.69,2025-05-13
b85a31ed-6587-43d6-97e1-04acfed31024,Dawn Howard,future,454.41,2025-01-01
a65dd353-a29f-4c0c-b64f-eee80199d3e9,Deborah Wright,theory,37.41,2025-01-03
43df437f-bf3a-467b-9768-5916ac1d647b,Brenda West,car,563.68,2025-07-11
0800b103-ce17-4eda-8a2f-a74c2df39130,Daniel Murphy,role,536.78,2025-06-15
6381a5b8-832d-4b5b-b9b7-b89af35f1039,Tammy Lopez,moment,114.56,2025-09-07
a9533b33-e3ad-48cc-aa93-f59b196bac4e,Meredith Hernandez,school,372.83,2025-02-11
21baed98-d6c6-4e55-ab85-39e6fe7db895,Wesley Santiago,important,346.44,2025-02-06
2c678ff6-d039-465f-b90c-4a0da0e4e79f,Dawn Williams,military,464.59,2025-01-22
c377a7d3-c23c-45fb-a1df-d414d8907897,Brittany Jones,community,629.85,2025-01-26
1fd2ff0f-472c-4175-a6cb-e8b2ae29c9bf,Judith Quinn,threat,345.17,2025-09-17
69aa9791-e767-4eed-ab8f-b3fc27c959f8,Casey Gutierrez,picture,179.28,2025-03-23
6d839760-201a-4c64-91cd-4042f21cfb3c,Robert Powell,matter,374.62,2025-09-19
0d414e34-6428-4568-84a9-b95847f3ab0d,Samantha Little,among,184.44,2025-07-16
49aa0471-29de-4412-b8f6-3b2aff877b39,Bryan Proctor,relate,624.54,2025-03-24
7fc97b65-2ea1-4ea7-8809-c8397847bc31,Katherine Harvey,drive,673.84,2025-05-11
343d8619-2c71-4f38-a18c-d565535d7433,Brett Nguyen,listen,353.3,2025-07-19
684f1f30-783e-4823-b5b9-dacd447e94d9,Benjamin Stevens,baby,10.35,2025-07-27
b36d3443-8547-409b-8fdd-76c1df93dc26,Jason Garcia,per,120.91,2025-08-20
7e1f60e9-c43f-4f39-901b-23efc551d660,Kelsey Walker,his,523.97,2025-03-21
4aa86307-9ee5-430b-8718-6bc4c96e97e3,Kimberly Perkins,spend,210.92,2025-06-29
22d4cce4-895f-4929-b1b6-e11bd88cf44c,Darlene Arias,something,53.22,2025-08-02
abf8c16d-eb62-4508-911a-79a0eafba18c,Kayla Davis,despite,476.2,2025-04-18
6e84673b-5053-49fd-bc0b-8ae606327ee2,Robert Johnson,sign,338.87,2025-01-02
d34bd2be-7c7a-47ac-84cf-00a0d83c73b0,Sandra Simmons,happen,611.19,2025-03-07
87afbb83-ea81-46d7-9508-64fcdecac579,Jean Simpson,recognize,366.74,2025-01-03
c4d60c3f-b99e-4b97-bcba-f6244a17c892,Robert Reid,carry,281.46,2025-02-22
7fb3f4dc-1628-4973-b71a-938e82d90cbf,Karla Myers,glass,400.89,2025-06-16
15629608-eff1-418f-833a-bf5e0b79b0aa,Roy Cruz,too,844.28,2025-05-04
9f5f02eb-997b-4e21-9c09-a6b005c24f78,Michelle Reyes,total,359.29,2025-08-31
11372448-8cd3-497e-9ab6-95d1f58e3c9f,Michael Williams,occur,125.92,2025-06-03
d53b3c67-f37e-4009-ac4f-65a3545caba9,Stephanie Moody DVM,and,888.05,2025-09-19
197b40ef-9b04-4e2f-ae0a-8400c63090e4,Dana Braun,without,412.39,2025-02-25
c319b3ce-dcd2-44e5-b307-3266fb60e1df,Ryan Dominguez,forget,620.94,2025-02-20
539985a1-4fa0-4e4b-8669-bd79b24c219d,Brent Pena,education,156.44,2025-04-10
e4628581-205c-45b5-a2bb-c7d36c68ed26,Katelyn Fleming,she,270.35,2025-07-21
c72dc8ed-30c9-4f39-a97c-12e946112c35,Andrew Wiley,peace,557.68,2025-03-19
9149d099-8ea1-444b-85ae-f77f3da1c843,Greg Burgess,eight,190.9,2025-06-02
393cbe55-d4a5-4d03-ac59-cdfc18775d20,Shawn Lawrence,relate,141.7,2025-02-05
7faf00c8-9b66-4b21-b3e3-df9e0d31c406,Bonnie Simmons,especially,514.83,2025-03-05
3f5760bc-3530-41c6-bad8-afb2a65e972f,Kyle Miller,social,574.32,2025-08-09
76d72961-dfcd-41a2-bae9-adaffa7e6c58,Carol Mccoy MD,collection,21.92,2025-04-07
24a7ef02-9c77-4218-91b7-77edcf0015be,Barbara Daniel,without,361.98,2025-03-23
9f2af95e-f789-4f9a-b3b5-5a5d54a66abe,Lisa Turner,candidate,857.88,2025-07-13
37a754d3-d116-4dfd-a741-25fdc65076f1,Robert Burke,tree,434.74,2025-04-27
06cdbbac-3ecd-4265-8246-ba5df6d4ce34,Tyler Oliver,quality,518.53,2025-08-09
af772ec6-5330-49cb-859d-448c931998d3,Louis Smith,but,888.99,2025-08-18
aaf65fcd-4afc-4f58-bc07-ae8091df9902,Laura Jones,become,568.25,2025-03-03
c3ee538c-8cb4-447e-8979-ec296e9a65a7,Angela Peters,either,751.24,2025-02-25
3da4d067-9360-4786-912e-9a4808ba045e,Robert Kelley,leave,446.6,2025-03-12
f4f534fc-545c-45f3-8925-f982e13f0a3e,Michael Hensley,fear,166.74,2025-09-02
5a44acec-763f-4d1f-ab50-73de8babaed0,Robert Nguyen,need,54.72,2025-03-06
def87602-7fd3-4a3c-b5e3-82e35854296b,Mrs. Emily Brown DDS,mission,89.9,2025-03-20
06c40e0f-bc0a-4917-ba7b-c8cda675b2a4,Mary Mckinney,group,68.6,2025-03-03
865a16d1-1a96-4e2e-883c-6f47f5aa4d07,Ana Dalton,popular,33.12,2025-03-01
9151a79d-55f4-4759-abe1-29b9f7277833,Brandon Sanders,month,55.96,2025-05-10
b157e045-6693-461b-b470-2dfc7e65fc8e,Brian Wilcox,end,605.81,2025-09-09
04c38ba7-ef4e-40b2-94be-a7827c7051b4,Lisa Hughes,carry,196.25,2025-01-21
ca05fd63-899b-4e7d-960e-49ef12b18133,Brandi Esparza,member,840.4,2025-08-06
75d9ae0f-0096-4a08-9d02-2994e73cba9b,Mary Richardson,reveal,402.52,2025-05-22
6dafa339-5d92-41bb-886d-be98f4f88f37,Cory Campos,course,102.32,2025-08-22
f396adfe-2495-47e7-9b80-0012cbcdfaae,Shaun Carter,cup,46.8,2025-04-11
f8d72998-571c-4fee-aa2d-b9c09365fc4c,Allison Watts,myself,313.4,2025-03-24
4c10e3b6-ef06-4dc2-bd44-cafc84792ec4,Angela Alvarez,happy,110.63,2025-02-12
a5735270-127f-4fd4-9c3b-8ab0a5d839e2,Timothy Smith,world,325.6,2025-03-02
4e358e0c-d40a-4f4f-8aab-61f14cc6a10b,Catherine Lyons,arm,857.64,2025-05-16
64871954-bb4e-4558-8035-cbb3f771bd84,Derek Hunt,themselves,825.19,2025-02-21
34529f3e-823d-4e0b-8a80-c36a6e529ae1,Raymond Sherman,American,305.61,2025-03-03
a7dcf81e-1e1b-4b4c-815f-62d8cae0d6df,Patrick Morris,level,822.06,2025-08-11
57dc6658-e079-42e8-a9ea-3ab917a3c013,Christopher Thomas,write,68.65,2025-06-06
3f7aceb7-30da-4e61-ab97-6c6fe320bf8a,Carol Atkinson,indicate,294.68,2025-05-28
1f8eb6ee-85c9-4bfd-a8cf-41a80ffc8983,Amber Green,new,137.57,2025-08-06
263ee74b-5b70-4f0e-bbf7-22f5b70c3d30,Ryan Mcgee,method,838.08,2025-07-12
e9f374f6-8172-4183-acf9-d44e75a94ca7,Christian Hardin,memory,66.34,2025-03-29
eeb36064-1cc4-4a99-81f9-57e06278de1b,Tammy Mcknight,side,693.77,2025-07-27
025cfe74-21da-4bf0-93d4-18aaacc1ec88,Gregory Barr,artist,141.46,2025-08-14
3f6f5495-2b03-4f3c-ae36-954d376dc7b1,Luis Marshall,down,376.51,2025-04-06
8d092e5e-0c32-412b-a42a-8838e536c109,Craig Lopez,or,546.78,2025-05-12
a4a2e4bb-b68b-48af-9313-dedb9c987679,Sarah Ferguson,hear,285.86,2025-07-16
a165961c-b120-49a3-87bd-814e709e21e7,Mary Rosario,break,253.63,2025-02-17
f63bc8d4-4a83-4da3-af2e-3d80d8415f98,Alexis Clarke,what,724.22,2025-03-16
6f3e5578-e7a1-4371-a52e-5907c791578e,Briana Malone,improve,695.59,2025-07-29
f3de8a60-b4d9-4afc-8097-817ad081b0b4,Chelsea Peck,onto,716.09,2025-04-30
a1b0a371-b33c-4ae8-9a4a-b8531f6c8f73,Kyle Brown,hospital,560.26,2025-08-05
764f3ed6-cf1c-4a2c-aa3c-17e4ab7879cf,Crystal Hayes,heart,596.19,2025-03-04
81830440-9dee-459b-9f4b-52f5badf8eac,James Cooper,one,738.03,2025-03-09
90191901-e48d-4aee-9044-e9d35991fbc3,Sara Mueller,assume,479.36,2025-02-17
7ad36646-9363-4a45-84ac-c042501fb460,Cheryl Tapia,note,98.18,2025-09-02
d74a90cb-2173-4634-8124-8b79f33c4726,Gina Larson,test,534.64,2025-02-03
642b20a5-6399-47d4-b60c-1887a4e4987a,Kimberly Riley MD,effect,298.13,2025-07-23
a915ceda-0c8f-4b45-a57f-4b5145214570,Jennifer Todd,these,-0.29,2025-08-29
6c7ba2ac-4b3e-42fa-86fc-9aedebe7a685,Bryan Caldwell,toward,256.7,2025-08-14
9e8aebb3-ba6b-4cff-b551-8561628bcd66,Evan Davila,protect,325.11,2025-01-08
aefce982-4352-47fd-a038-fcee3c3b1068,Jennifer Aguilar,buy,276.16,2025-04-08
cd88054b-420d-44c9-96bf-bec7bc521749,Jennifer Roach,when,280.47,2025-07-12
7a08e0a1-a6b9-49c8-9864-86483f21b54d,Nicholas Tran,understand,723.8,2025-07-10
ac8897ad-ea06-4bb3-af85-5c280eb90172,Michael Small,American,76.96,2025-08-13
b020315c-320b-4160-b082-b9db3ab85c35,Sandra Rodriguez,most,379.71,2025-01-11
60d5839f-054b-4449-8233-28ce1eef1d81,James Jensen,central,823.13,2025-03-17
0af487f4-7800-4737-9488-ccbfdd64ab07,Kelly Powell,we,61.66,2025-07-18
bc30fb46-3a10-47fc-ba99-46151e3dfb19,Steven Thompson,year,505.65,2025-06-26
7207c00c-9690-40f8-84d5-322b324075c7,Suzanne Moore,too,495.18,2025-06-08
0a437cb0-74ce-4219-a2e7-8b95e93a8c9e,Jeffery Ellis,member,187.78,2025-05-03
8a8a2b70-ab84-4c07-b8da-98d162f8f8f8,Steve Richardson,upon,288.96,2025-03-02
65224bfb-0d83-41eb-91ff-24d76f4629c5,Chad Reyes,feel,876.52,2025-07-31
acda8648-63f9-4ff1-94ac-905ad7990e15,Alexis Howard,half,429.7,2025-07-18
735ce96e-4a26-418a-9e48-e254c94eda7e,Sarah Villegas,really,201.83,2025-05-30
5f5cc96c-6700-471f-b643-9a182cca7d0a,Tyler Hill,see,762.92,2025-04-26
c792e214-d706-485d-9d83-0783b202b746,Jodi Hoover,idea,281.41,2025-07-12
4418291f-3281-49b9-855c-ed968f9f7015,David Morris,ready,348.09,2025-05-11
873cb25a-e1d6-4d49-8c35-dac02dc8ea1d,Cory Hess,memory,404.84,2025-06-28
33f71047-1b69-4631-a2bc-29170e8bfd90,Benjamin Ware,next,514.68,2025-06-10
3196d750-7b52-4d06-a08c-5be520a62174,Taylor Beltran,mind,889.95,2025-04-11
7e4f42a7-86bc-4d34-abb7-192b5926f344,Jacob Thompson,development,422.79,2025-02-22
16392800-e8ac-4629-ac28-3dd3f67ee2c0,Barbara Bond,total,277.09,2025-08-22
b2019f56-7df6-4eec-a880-ddc0f91a76dd,Sherry Shields,company,385.28,2025-01-07
ef3bef4a-8da1-4f42-90f5-819fbc3d07a5,Joshua Sullivan,fear,180.38,2025-05-29
d9a890d9-3877-4df4-84e0-fcd183b2b199,Melissa Robertson,either,510.83,2025-08-21
0d6cf762-68da-45c3-8989-730481a18789,Jason Robbins,list,762.29,2025-09-17
86aec4d2-ec0d-4b0e-b560-5d1bdfef61ad,Jennifer Clark,understand,118.13,2025-03-25
c5011e83-b7c3-4841-abd0-6e510b6fc7e3,Kristin Brown,foreign,545.42,2025-04-22
7288d0c4-0d78-4f67-8e50-93d986d1a819,Lisa Gillespie,night,146.04,2025-06-08
5faea136-7459-41cc-bf69-2c621fcf5646,Meghan Glover,suddenly,282.94,2025-08-30
9e1db307-9fdf-4828-8586-8e75140c1324,David King,throw,531.67,2025-03-18
d0384e6b-7933-4a58-8861-5cb2f38edf1c,Rebecca Robinson,whatever,862.15,2025-05-14
c9981168-b7ca-4df6-a242-1134b7658398,Alyssa Thomas,agent,310.46,2025-03-13
459c60f9-2312-41b2-8fa8-6d8be7df9295,Bobby Shepherd,attorney,102.04,2025-09-09
34578631-5c2f-44c5-81b6-33a3d5b9b550,Mrs. Wendy Gutierrez MD,image,857.38,2025-04-29
5d00c26c-c4c0-461d-99ad-cd0559f4c36f,Peter Martinez,be,278.6,2025-07-27
76b923e9-4c29-433f-8fa7-d8a1c0174f80,Crystal Hinton,rate,857.35,2025-03-11
1d98ed75-4bca-4a95-9d55-f0da712a9ec9,Karen Castaneda,seven,55.57,2025-08-06
a666048b-427e-4e07-8228-fe3d871cbce9,Lindsay King,you,832.27,2025-02-12
f09e4689-dc9f-4238-a146-cc0c198f6bc4,Sara Barnes,nothing,894.69,2025-08-31
e245e532-ce46-4fc8-bd99-27902a95fc43,Angie Simpson,walk,749.94,2025-06-22
9d51dcad-45bb-453b-abf2-0abf7379ee02,Morgan Carson,use,232.99,2025-08-28
048f0c6c-a345-428c-9b21-67792b7d60c8,Marcus Freeman,fight,412.86,2025-02-25
4d609f83-16c8-4ee9-8d9d-476e94b00185,John Zimmerman,child,709.35,2025-03-04
9553e5ea-66e9-459d-ab15-af4348ffdc2d,James Hernandez,eat,789.91,2025-09-19
ced24f70-b41b-40c2-918a-ab5041e21150,James Lee,same,51.23,2025-03-23
d33df243-2f1d-4617-a39b-bd7fc3f523f6,Jeremiah Gutierrez,can,69.25,2025-06-12
a1c9c042-9048-4595-9fe5-ef1d51801b7c,Peter Rasmussen,some,482.84,2025-09-15
765086d1-b6f4-4858-9bb4-0f50723bfd65,Amy Pugh,agency,776.57,2025-08-25
632f189b-afad-4afc-b24e-b5c1a2645bf3,Angela Doyle,mouth,696.42,2025-01-28
93e3a350-888a-4a09-8ab8-d29f66edab2a,Ronald Jones,sort,339.72,2025-03-19
b2668041-8cae-4b14-8eae-8e9091fadf35,Brian Ware,lot,16.26,2025-03-15
771bc1ce-ca2d-4a53-b41b-30d1bc3fd5b0,Mr. Justin Henson MD,pull,63.77,2025-03-07
28be6285-ebc7-4a65-b353-14a470cf6cda,Amanda Brown,thank,388.1,2025-04-01
6981ab02-829c-448f-a253-ba362fcf28ed,John Guerra,education,711.79,2025-02-25
72e49cc1-9ef1-4b13-86f5-81297a1cf0ed,Alex Evans,none,431.81,2025-05-17
254906a5-dbf6-4f03-81ca-efe22f8d1b1a,Jasmine Harris,small,478.83,2025-01-18
8d0ed9e4-41a6-4695-95fe-d09672f8c10f,James Cochran,appear,123.62,2025-08-24
a2a0ad91-2bae-44fb-81ab-fde94b37f75b,Jeff James,total,647.35,2025-03-11
39fcf302-f2c6-4538-87e4-d382d9737f13,Taylor Fuentes,establish,866.98,2025-05-10
0fb51de0-33ad-40f1-98bb-e8228013cf5d,Mercedes Lopez,identify,688.14,2025-01-31
79cc48bd-78ba-475b-941e-7d696beb2362,Erica Boyer,worker,834.53,2025-01-11
6cd1bc66-48fb-4457-a766-6b441a1ddea4,Jacob Wheeler,still,461.17,2025-04-02
0fdb37d6-3d3e-4e6b-b3e0-d80e9cf42da1,Joseph Harris MD,alone,324.83,2025-09-11
6eefe05f-968d-4f74-b261-a9cec02381f3,Jermaine Carlson,laugh,411.12,2025-01-13
4fc2d1d8-d6ac-468f-bdce-3f6095987d66,Marie Ingram,low,36.27,2025-07-10
1f68b140-cb2f-4869-8f9c-dc2220363122,Jay Marsh,interest,676.93,2025-06-22
520c5fcc-5061-4599-a930-ebf45775f653,Roger Moran,significant,50.08,2025-09-13
449454f9-6d68-48e8-b9e0-46212890a5a7,Stephanie Jones,rise,171.81,2025-07-29
875a9166-b883-4eb1-a3a1-d9a3fa75a630,Jeffrey Griffin,we,228.53,2025-04-14
0c132943-299f-4fd4-ba2b-65034903141a,Melissa Rush,often,847.27,2025-08-30
277aa207-4dad-4932-a7f9-e1b5ab45a063,Casey Gutierrez,institution,423.24,2025-07-01
b9a8c295-c45e-49d0-905d-f72155281051,Thomas Noble,two,538.09,2025-08-24
a3c688de-6133-4ee4-a0e7-724d467e5c5c,Daniel Barrett,town,204.86,2025-09-05
0bcf257e-d7b9-46b5-b620-32504bcb441a,Jamie Brewer,ever,578.79,2025-09-18
bf231cac-67e1-4c61-9b17-a3f6f894e461,Nathan Rowe,foreign,593.83,2025-06-22
75e6ec95-3e01-4d10-98e7-f6509c420f8e,Steven Duffy,cause,622.72,2025-03-31
cab88ef8-14a0-4045-a99d-902835f4a806,Frances Coleman,lawyer,79.87,2025-07-02
d0822aea-3457-415b-9a77-a212b155f870,Mary Allen,test,57.6,2025-03-01
fd9ae294-dcd5-4547-a489-1d1fc9b28e0b,Deborah Snyder,security,23.1,2025-02-23
e025824f-d729-4631-8a0b-eba465581cc0,Travis Chavez,nothing,488.74,2025-08-31
76fdd57d-04b0-4f49-bc57-63fe1ad47b43,Christopher Thompson,young,379.38,2025-05-17
2de27dad-0e5a-4a57-9501-141f92111da8,David Mathis,last,556.99,2025-08-19
cf410ae2-6822-4764-a673-362b0c35d47f,Kelly Moore,challenge,603.37,2025-09-14
aea302fb-275a-44fb-86bb-7bbbde445c44,Sara Alvarado,decision,99.5,2025-07-14
ae37cf21-4618-4538-8794-0b88115888c5,Betty Huber,floor,58.23,2025-05-05
eac93eef-d3e3-46a0-bb2d-3db45b9c3211,Michael Thompson,red,810.1,2025-06-14
74cc09b8-9d20-45a6-9593-1b478d00ea7a,Kevin Jennings,cause,775.62,2025-04-23
850402d3-efe0-4e43-9322-791756b015b1,Samuel Lopez,ten,759.51,2025-08-14
9b78a147-7bec-40c4-80c9-3a106731342f,Sarah Blair,according,407.76,2025-06-18
ef13305f-5d0c-4c8f-b881-e23eaeefbf12,Gregory Clark,indicate,115.7,2025-05-21
f9bdafe3-98f2-4f7e-84a8-f4879e556b12,Sue Peterson,should,24.91,2025-02-27
8e92bd50-479e-4967-86c1-a8ffd555100b,Thomas Cruz,example,269.54,2025-03-13
b783441e-39a5-4dfa-bf9e-495d3f2ddc34,Carlos Hill,instead,550.82,2025-08-12
8ef8506b-8448-471c-8db5-87adb10171f4,Alexander Davidson,land,226.9,2025-01-06
f086b26b-b510-43fa-94e9-a6dbba374d87,Daniel Frye,past,198.83,2025-03-05
c3b3fb7f-d941-4d6c-8058-ba96d33980bb,Janet Myers,hospital,561.71,2025-03-28
12742f06-a239-403a-848d-64dcb5763654,Raymond Martinez,movement,658.83,2025-06-07
93afa358-b352-4947-8acb-9625633ccd31,Barbara Burke,heart,286.44,2025-08-23
8a380786-08ac-4e22-b957-b2fbc5c61c13,Sharon Shaw,blood,871.68,2025-01-21
fcd5eb0f-c6fa-4cd2-bc6f-ddbd6e651349,John Davies,matter,800.32,2025-04-29
79e3f4c7-fd84-4395-be03-4e317982a841,Amanda Diaz,ago,322.28,2025-03-30
feeffe43-e2fd-4fe0-9c63-dcf5fd4a3008,Kristy Davis,rate,350.64,2025-08-18
0176f6f7-1a65-4d25-80e5-9dec59c6b66d,Lisa Munoz,individual,133.03,2025-01-14
1cd082fb-9d4a-4967-8d7f-ad55ffb64fa4,Laura Rose,low,796.9,2025-03-17
f938c45b-60f4-4f86-a3a7-1a33f8953d5e,Danielle Whitney,moment,835.51,2025-04-05
023df22e-ac2c-45b5-8306-d65c422cc030,Ashley David,week,545.92,2025-05-29
24a5a631-6226-4488-bf99-3484202f8981,Teresa Newman,new,119.78,2025-08-04
943a0bcf-05b8-4148-be59-445005a5940e,Lance Reyes,art,411.63,2025-03-10
ba245141-2e08-4300-964f-6681675c013c,Jennifer Cunningham,of,713.52,2025-04-06
721ec927-83c8-459d-a5dd-d1f4825ddf73,Johnny Wiley,over,381.36,2025-06-08
800fb7fe-a441-4e3e-90a9-a0e2798aa4b2,Matthew Yates,war,495.55,2025-05-04
0208f3b9-82db-4805-8dcb-8ff84b939705,Kelly Rivera,again,68.06,2025-08-30
1fb71aec-7960-48c1-b606-db059aed82ab,Christopher Johnson,section,245.94,2025-07-16
a9ee2458-1000-4a88-a4b3-74580ec22e4a,Jenna Gray,describe,328.33,2025-02-27
d2a5758f-529e-472f-85ab-7562a517ed28,Robert Gonzalez,never,287.97,2025-05-07
c116cb15-b8a0-47f0-b2cd-f05ef7ba0a20,Amanda Ritter,feel,365.93,2025-04-22
d142660c-bc25-4b75-a218-c06dcc77bdfb,Richard Li,personal,30.91,2025-08-20
b11cc16b-e23a-4a6c-a934-f03d13c9aeb8,Karen Gonzalez,window,430.94,2025-03-20
6a524cfd-103e-4379-a29b-7dcaa925db86,Deborah Castro,leave,886.65,2025-02-15
788f1b19-03aa-4f98-b22e-c638d571c72f,Craig Cole,night,480.05,2025-08-10
ac222000-3f1e-4d20-a68a-8f6dcdef0bd9,Mark Fischer,think,3.62,2025-01-27
0ca26fb1-75c6-4a8a-9b98-f6bd4fa9b049,Jennifer Rivera,use,631.29,2025-06-04
d2a1b201-7a84-44ec-bd84-a0b94fe54da8,Emily Sanchez,leader,691.88,2025-06-19
60048b46-1f24-4f7d-82df-7f9cfdab5a09,Daniel Scott,growth,809.13,2025-04-07
7e56ec0d-5e42-4545-979e-23ea9f71344d,Stephen Brown,strong,90.87,2025-02-06
31c454d8-70e9-4ee1-8cf9-b6326b2159c3,Briana Vaughan,morning,247.6,2025-02-01
1aad0f1f-4d50-4e19-ac26-e35c725faf1f,Cory Zavala,use,498.01,2025-05-24
b8c284ef-de0e-4cbe-b802-3e466ccfb732,Joshua Mccann,science,795.57,2025-09-14
bd5f43e6-83e7-4ed9-bc76-677eba56ebf4,William Kemp,others,745.9,2025-03-07
06d2db7a-b408-48b1-8968-9bdc259eb137,Dylan Barrett,report,286.87,2025-05-01
18ef5c05-1913-41c4-b00a-d96ab02139c9,Gina Bonilla,second,619.42,2025-03-21
d0e3887f-b1dd-489f-8063-a2bf3ff9c46b,Kyle Wood,even,141.99,2025-03-17
d31f6a52-870f-46f9-a85c-2dced3e860c2,Amber Erickson,throw,0.92,2025-06-17
4960b5dc-0e4e-4ed2-89f5-650929e913c4,Kathryn Robles MD,you,640.95,2025-06-06
2cbae700-4115-46b1-8cb1-1f5c0597c034,Alyssa Williams,plant,855.85,2025-08-19
00fc8718-bfb8-42ca-841a-1ca149f21777,Amber Hayes,adult,380.16,2025-02-24
edb4156e-00ca-40c1-ad68-737f64fbe13a,Morgan Mclean,marriage,565.81,2025-06-03
42885cb7-cf3c-46b9-8a46-2e13fddb45d2,Robert Jimenez,attention,612.13,2025-05-05
87ac9cc7-ecb0-41ed-8fdf-4769695aa8bd,Stephen Mckee,true,501.06,2025-05-08
13bc4e0f-0e56-4224-8d18-39e1f5bce15c,Jessica Thomas,court,533.52,2025-04-07
13be864a-c139-4c00-8fbd-ae34b2c936aa,Jeremiah Mccarthy,traditional,542.32,2025-01-12
44560205-acea-4058-9860-ac74d6b88471,Robert Brady,drive,322.55,2025-07-30
2ee19e7d-dbea-46aa-b60e-a4b6772b4ee4,Dana Carlson,night,639.74,2025-01-27
5044fe00-c5fd-4e8e-a8bf-237528bb7fbc,Nicole Mccoy,store,350.22,2025-03-26
dff4b6ca-d251-45a5-82f3-126cd30b7f14,Tracy Castillo,everyone,62.06,2025-04-07
194688f0-f310-4de7-9057-fc5492591ee6,Brandon Smith,building,710.37,2025-02-15
fab0800b-c2dd-43af-b665-53025104f276,Olivia Rice,player,45.01,2025-06-05
3af6b129-b49f-4c45-999a-7e67377b3b41,Tina Roy,turn,778.61,2025-06-28
ccb358f8-c1e5-4442-b2f3-0406d87f3fdb,Jordan Lowe,mention,-0.77,2025-08-11
1044b98d-cb1f-46e3-9158-7f1d06093b5c,Maria Cox,scientist,706.93,2025-05-08
fc464d1e-f8fa-41a6-a290-84e5413a517f,Linda Pope,traditional,708.23,2025-08-13
d7b37b8a-e179-413a-b70d-34ce06b58b58,Frederick Jenkins,others,733.36,2025-05-06
b36ea1ac-f31f-4ccc-9967-edba6b224bc4,Charles Burton,tree,894.93,2025-08-21
6f4a3f40-2864-492d-820b-117662537254,Matthew Chaney,article,250.45,2025-06-21
44743c6e-6d99-47cf-8175-657dfe24766c,Craig Sanders,society,480.13,2025-02-17
93738d93-eeae-4c7a-a893-64fa07f5be9c,Joel Joseph,compare,282.28,2025-08-26
f898a3b0-0398-46fb-ad5c-b96741d90446,Erica Martin,behavior,123.78,2025-04-08
af288f67-8a2a-4a4e-98d0-ebe092b34099,Katherine Matthews,contain,234.94,2025-02-04
a5083041-8c65-4d4b-91c7-2f4dd72a65ed,Walter Fisher,service,886.1,2025-07-15
7b8d18f7-eed5-4c95-9f82-2de9df00796a,Bryan Martinez,remain,851.98,2025-02-23
f30dc0a4-896c-4523-9a6b-f756910f357c,Frank Stanley,writer,757.35,2025-06-04
44c6f683-8b85-4958-bed3-7a22c7025e25,Ronald Curtis,today,51.29,2025-08-10
426496a0-ad1d-47c2-96a2-4b2aebb2c6fc,William Boyd,parent,718.43,2025-02-04
eaf21c99-92fb-4ffd-98b6-187a43bd843d,Sharon Morgan,door,361.05,2025-04-19
86d336bc-26f3-4b79-b96b-ceba6e8d1d9d,Carlos Nguyen,what,711.78,2025-08-28
92cbfef7-89de-4733-9ba4-f087dd4e5bd5,Connie Deleon,turn,688.53,2025-08-04
c9481c86-dc87-423a-a519-80d94342f97d,Christopher Richardson,girl,598.7,2025-02-07
93a8aa16-b714-4b57-b62d-e7050f6de31a,Stephanie Roberts,economic,631.57,2025-08-27
8d4240d3-0866-4f0f-934c-dae7040caa19,Randall Garner,other,242.27,2025-01-08
53970a43-3782-4655-8780-9d0db5c37261,Dillon Davidson,field,682.58,2025-04-07
fc4d68b9-2e2a-43f0-857d-ef10d7dc758b,Veronica Cooley,series,812.98,2025-03-21
12cf93b0-aaa9-4bb0-85a6-53a3ce459ccc,John Henry,light,666.91,2025-07-13
38a869e6-8432-42d3-8a88-60ca6ee0ea71,Evan Martin,tend,78.28,2025-01-09
9872bc06-0029-4754-842d-316604b40886,Michael Smith,important,739.72,2025-09-17
06d220ac-86a4-4bbb-b5e2-e6f41fc4c69b,Bethany Paul,religious,162.71,2025-06-13
e25f5dba-dcbc-4955-ade8-f6972909c8f9,Denise Mathis,fill,101.22,2025-03-03
cfaf9df7-b640-464a-b263-bfa2ae0d758f,Katie Maxwell,responsibility,673.9,2025-03-08
a20ba706-757d-43c5-837b-c37de9013212,Damon Mccarthy,happen,81.95,2025-06-06
ee7f9543-2448-429d-a22c-e70052171fa7,Aaron Fox,too,742.51,2025-08-22
adb00844-5f00-45eb-86ed-91ce3c39f050,Zachary Navarro,wind,361.25,2025-07-07
6b0ddfc7-7826-4df2-94eb-cad4726e4803,Paige Leblanc,tough,254.5,2025-08-15
631e8947-1f54-46fb-81b5-614cd87a67f1,David Salazar,suffer,89.13,2025-04-25
1a714201-f936-4709-bf95-53a07aa0c6c9,Nicole Peterson,hour,886.07,2025-06-16
8259f3b7-1f9b-4515-a6c1-ea8bf605c579,Lisa Gibson,behavior,97.33,2025-06-24
f9c23a9d-4450-4d6e-93ca-00a88031d351,Kevin Ramirez,scientist,800.93,2025-04-21
021e81c4-698f-4669-9627-5a30602bc4fc,Robert Price,discover,371.42,2025-06-23
95520eba-c230-440e-84af-5aa15c160c89,Brooke Mccoy,animal,138.05,2025-07-10
294342df-60d1-4c88-9f72-f187ebe44196,Mary Hurst,impact,356.49,2025-03-29
1ffaa29a-3d62-40b4-b135-d4fcea028833,Briana Webb,loss,477.8,2025-01-11
7642f65d-67a1-4649-b3ce-b9fedcbef9f1,Christopher Dougherty,early,31.2,2025-08-24
ecd5fa5a-dbeb-4757-af3f-eba8ed8468ea,Richard Mann,season,712.11,2025-05-02
342b0ce0-2c69-48b1-b4ab-c8e43d6c6f8a,Eric Burns,turn,169.99,2025-09-17
449b7f34-ceea-4353-b225-dbd47d8e8353,Michael Fuller,measure,505.95,2025-03-22
6871bc37-9f9a-4c36-9e5d-064ebf6e604b,Micheal Sanchez,arrive,212.6,2025-08-19
3a530d6e-18e6-49b7-bc73-fd6295878060,Katelyn Cooper,area,878.39,2025-07-12
d271c655-dc85-48d2-b4fa-c6de388d62f1,Curtis Simmons,within,738.08,2025-01-13
a147ddef-c99f-4896-8324-3dc7cf8295f9,Margaret Larson,investment,777.3,2025-09-19
3ad86d54-0076-416a-b276-68e5541fb61e,Jasmin Boyd,indeed,385.32,2025-02-21
5f378308-25f1-4601-b64f-62614a287ff2,Glenda Sullivan,likely,745.03,2025-08-01
15c5f017-9f2d-4da7-beb9-ea21a0d2ae06,Amanda Brock,understand,511.47,2025-03-10
6d0fe714-1134-4eb7-a778-04ef76d055ae,Nathan Woods,alone,422.66,2025-05-04
c40df218-e331-4636-ad88-68e1fefb364c,Jennifer Jones,late,649.76,2025-04-29
3a284b08-a64f-4324-a22f-7980f8c190fb,Sarah Bean,medical,310.28,2025-02-04
0a02440b-0230-49ba-a1d9-679cf464d28b,Jennifer Santos,physical,121.67,2025-02-11
a3f9067b-16db-4108-8bd9-92cf91c329e4,Steven Higgins,financial,160.37,2025-04-23
2027492d-7477-408d-89a8-7f49fdd0f768,Thomas Villarreal,about,197.86,2025-01-06
43a3e86a-262d-41b1-b33b-92b16ed4a83c,Tracy Hendricks,successful,307.56,2025-02-13
cf446dfb-ace8-43e9-9166-b60d3f9ce459,Roberto Obrien,officer,91.57,2025-09-04
9598e606-8931-4dc7-a426-dc65e3358836,Julia Carpenter,home,305.64,2025-01-12
17960658-1296-4051-9472-18d1c2c16f32,Dan Bell,last,490.18,2025-07-25
b2a63e80-7132-4831-8161-06084c1cd7fb,Shane Stanley,machine,652.23,2025-09-09
5110d39f-515c-43b2-9579-fd4c4fc7ba0c,Samantha Pope,artist,149.71,2025-09-09
3a41baa5-a462-471d-a3f6-87209d1fd855,Seth Washington,surface,257.89,2025-04-19
a453fcca-e5bd-4520-8b23-63aa60337875,Deanna Sampson,sign,459.59,2025-04-14
aacba963-ee91-4ac8-aef9-c2af52152977,Craig Williams,should,69.85,2025-02-28
bde0acb7-7c70-4265-9ce5-7b64051bbff1,Michael Roberson,sell,830.67,2025-06-28
f5081b9b-20f8-4ede-a130-e900e5474cf5,Amy Scott,minute,-0.28,2025-07-27
f8776472-ac3e-42a8-89ea-59f580f15453,Nancy Mason,involve,241.3,2025-01-19
99f71292-72db-479e-85b6-da2a733facf4,Danielle Hebert,where,202.41,2025-04-30
31437abf-2314-4ddf-91da-ab248afa2103,Christina Huffman,feel,699.28,2025-04-12
5f49f3ad-100e-40e4-bb36-905006320b24,Sandra Gonzalez,perhaps,394.43,2025-03-23
7024f636-7899-4bca-9430-289037da3b25,Savannah Jackson,family,875.7,2025-03-25
b30e6a50-a484-4604-bdf9-044d4d4cc71d,Laura Henderson,necessary,327.99,2025-04-23
1dcdc56e-918c-4536-966f-439c183410fb,Denise Pope,record,160.73,2025-07-27
8aef6c15-61e6-4215-b363-757cb4a40cda,Mark Jackson,five,166.8,2025-03-15
ec4664e5-138a-4d04-8c23-4f0255d95156,Ricky Santiago,work,454.74,2025-03-26
273a41ce-6e3e-4860-aeb0-3bda50ff89c3,Michael Wright,show,440.57,2025-09-01
b20c8bd6-30e6-49a5-97da-777bb2226b3a,Manuel Riggs,include,681.92,2025-03-04
5566299c-bb37-4013-ab44-a3a3c68b261f,Eric Cunningham,month,382.04,2025-02-10
4e4b771b-8ce6-4ef3-a46b-6409b7b9e4b6,Kenneth Lawrence,low,181.42,2025-07-22
a08c725b-2384-458b-8c0e-2198ff59fffb,James Robertson,player,387.94,2025-07-15
82949037-8a63-46ff-aa57-7f3cd63b982c,Gregory Hendricks,hit,317.97,2025-01-06
9e4934a0-b111-4066-852c-47122d3d1fd5,Stephen Washington,tell,315.7,2025-08-10
31a7af6f-3cbb-41ce-85ad-7438292d26e5,Sarah Jones,hear,889.25,2025-06-14
6160dba9-e162-4d74-b302-cb591c9da178,Jenna Hamilton,take,158.58,2025-01-28
6ab2f9fd-77d9-43d9-845f-afdd99413ef9,Antonio Knight DVM,positive,811.02,2025-04-22
fafcbef0-5e21-4d39-9843-1d36dda5a601,Jimmy Woodward,town,523.33,2025-02-21
29c5bfc6-1d39-4d77-93d0-772af0889436,Matthew Flores,away,589.02,2025-09-19
23f904f0-9df1-4783-8a36-611594f3e5e5,Carl Webb,shoulder,776.39,2025-07-26
432d3bbb-2bc1-4812-b5d9-170c24968a1f,Amanda Barrett,agent,212.02,2025-06-19
4d95465c-de0d-4f3e-9191-6a206d6b1d00,John Schneider,ten,14.52,2025-03-28
28659ba3-1172-4258-b9d0-9c76b56af1e0,Trevor Jennings,spend,423.63,2025-06-06
a3aa9cf2-2f43-4475-9b2f-f996af9e9726,Eric Molina,else,198.94,2025-06-21
6de6e0af-df24-4e9c-bcea-88a16ccb11a2,Catherine Booth,others,736.38,2025-05-01
2fa88dd0-896e-4537-93b8-708442ea9898,Madison Taylor,prepare,114.8,2025-08-05
f8b895ac-359f-4bd5-aa2f-e90c45fd67e8,Brian Wright,weight,786.61,2025-05-07
3d0bca94-86cc-4230-8e2d-9bd58f58c570,Ebony Barnes,person,585.22,2025-08-06
abffd6d0-949c-45a0-989b-398b5b7efdaf,Dustin Harding,far,885.17,2025-03-03
e18917a3-97e8-48b9-9a14-2b0aee6b8d7a,Justin Cole,ability,434.69,2025-06-07
70c18182-fc6c-46a3-a635-8c40ab1d5580,Bobby Murphy,agent,55.7,2025-01-11
c41bd958-6c73-4286-810a-c685c106c25c,Brian Henry,city,17.58,2025-09-13
da5d784b-fb43-4ba7-b861-68e779750e45,George Diaz,black,98.26,2025-05-12
11e24da3-0e08-47b9-b22b-5b0cdf3ee0ae,Mary Brown,follow,62.9,2025-07-09
99e4572d-7497-4c9b-8f98-219a4b743d6f,Ronald Davis,avoid,307.85,2025-01-09
9966e8ab-fef1-43c1-ac4e-262e0f876695,Edwin Cardenas,thought,691.84,2025-07-28
45f43c12-82bd-4f19-9810-acdf42309951,Anthony Macias,two,209.44,2025-02-07
387b6784-8f65-464a-8b6f-a118af5a0f56,Erin Alvarez,box,353.64,2025-04-02
8285b403-d857-42c2-9b93-67e8f61befb9,Martha Scott,finally,763.43,2025-08-26
d824d390-34de-4e62-ad94-4a074233271c,Julian Jenkins,share,122.55,2025-03-13
18b0eeea-6eb0-4476-aca4-4ad4624b05fa,Lori Bishop,third,889.66,2025-02-27
7b508e62-57bd-440e-a2d9-9f9ce5b34a7e,Danielle Lane,loss,409.44,2025-08-04
b8ee3ad9-43f2-4bc6-b7c8-8844868410b3,Vanessa Howard,Mr,21.81,2025-03-13
fc67d4c6-1d62-45e1-bcdd-fd3b7e86e841,Robert Miller,myself,32.87,2025-02-19
75c31917-848f-4e94-b14b-eadc523bf853,Chelsea Paul,civil,66.44,2025-09-11
942af372-b978-4de8-92b5-c29a649f60cc,Alexandra Franklin,establish,492.31,2025-04-30
3d8bb49b-e7d3-4be7-b708-773145c1f4bf,Kimberly Horton,staff,184.82,2025-06-30
8e21eeeb-07ea-4d8b-93ce-f36373207c71,Brent Alexander,past,553.2,2025-07-11
d7b45fc5-eaa1-451c-9da4-0cc6f482a870,Nicholas Tucker,political,367.19,2025-01-25
47797c7e-2baf-4d90-982f-3d1fab001995,Gabriella Fritz,computer,421.66,2025-01-19
0fdc2bbc-4014-4cc0-9940-ed2e5647f8f9,Nancy Cooper,their,8.31,2025-08-24
0f5357d2-81f6-4f52-a7c4-eedb2eb758fa,Richard Cantrell,reduce,171.85,2025-07-26
d1da2e58-7189-4618-a1fd-d972d2cf9d3c,John Grant,nothing,515.61,2025-02-22
f75c6c3f-0304-41b5-81ef-9cb5ce5eaaf7,John Glover,economic,709.33,2025-04-18
bf8f4568-31a0-4bdc-a778-62998e14bfed,Susan Fry,before,855.83,2025-05-22
034da395-1329-4adc-95b0-d52b75d4f5c8,Heather Harris,ten,694.58,2025-08-29
1cc04a37-f626-45f0-af8b-887129b1242f,Monique Williams,west,308.14,2025-04-06
590a616f-dc30-4223-b183-73f72f619408,Edward Booker,development,650.69,2025-04-10
67a211ac-7929-45d8-bb13-44389862c5e8,Joshua White,thus,626.7,2025-05-08
6d36c570-a10e-4cde-ba49-3e066ecf7c45,Jennifer Nguyen,management,553.58,2025-07-06
ba21f184-0f99-4dfd-b6d4-6fb497c80f75,Jonathan Archer,someone,158.08,2025-03-23
77b6a3c3-139c-4f06-ad72-149eba304c67,Mr. Frank Kramer,part,250.35,2025-07-06
c2838f52-7103-4fce-9a19-ed9330b24971,Ashley Blankenship,alone,776.13,2025-04-26
1c33ccff-94b3-4d84-8fd2-7bded742c3b7,Nicole Phillips,scientist,452.18,2025-03-02
227b7dab-d160-4d92-8632-eb7c0a2e4834,Stephen Cook,eye,334.57,2025-03-24
50b9a222-e1fd-471e-8487-f7478cbdd118,Mrs. Taylor Mason DDS,indeed,358.32,2025-04-20
0b736ae8-14ce-4eca-9e97-b9d45e4134e8,Richard Nguyen,statement,552.18,2025-03-10
83361385-749e-4390-9e3e-5bea6076045a,Stephanie Rhodes,white,236.67,2025-02-16
214c04b7-5607-4e0a-a7c3-9a7bcae458a0,Eddie Preston,across,259.52,2025-04-28
629286b3-5fa1-4eeb-a0b8-76d7e07358b1,Sara Dillon,walk,490.96,2025-02-05
bea0329f-94bf-441d-ad77-0df558f2dbc0,Madison Weiss,real,812.02,2025-04-27
52f09cae-4043-47b9-bfb1-0106abbe95b4,Troy Greene,when,836.26,2025-01-26
d5a29013-a617-4d65-bf09-4036dbd5f946,Matthew Lee,improve,823.38,2025-04-20
c96d0675-fe84-4dd0-b41d-5287cfc9bdb9,Mario Taylor,paper,677.99,2025-09-19
11cac3b3-cc02-4254-8a85-17fa741ec77e,Derek Diaz,arrive,153.14,2025-06-22
7e8017f6-f918-4084-8888-8890f502b528,Joseph Gonzalez,standard,458.73,2025-04-15
1f680665-4b39-4e0b-be2f-915850a72445,William Leonard,station,631.26,2025-03-01
5b9f8eb5-71fe-4a57-b64b-c63aa9d9ccc9,Latoya Fox,themselves,595.1,2025-04-04
2bbc9ebc-c46b-4dc1-bf1e-f1484be00f3c,Nicholas Davidson,pay,623.06,2025-07-14
26476bfe-2ee5-42b1-af43-873af4cedd96,Kenneth Kelley,seven,816.09,2025-02-16
5519878f-ae00-4872-9113-260982b0f7e0,Lori Richardson,media,4.36,2025-08-21
7bdc39ba-46d2-4859-b04d-2e3a4f77402c,Dawn Obrien,positive,392.87,2025-02-28
cd78274b-85ab-4b0f-9e64-88bd46ec31f8,Kari Hall,receive,548.8,2025-07-21
a8ea4274-2411-46e8-bda9-a0fb318deb3d,Jenny Davis,if,716.87,2025-07-02
9d213668-b275-478d-a26c-6db48b250fa7,Amanda Ward,late,645.68,2025-01-25
b5f133e4-7543-45ed-b445-fd952eecfa0c,Christopher Moore,hotel,66.22,2025-04-05
123685a9-9c2b-46db-9b67-2595702f5663,Donald Mueller,theory,81.67,2025-01-07
c8e0a141-1dc8-42e1-85c3-dea688be6785,Kevin Ross,lose,145.1,2025-06-23
8560c90d-425e-4135-860e-f48d81fc1cd2,David Kent,better,352.18,2025-06-26
65dc200a-c578-4168-b4ba-a9a97226e446,Jenna Rivera,possible,598.04,2025-03-16
9cd39cc6-9afe-4387-9fa5-051edb4851f7,Casey Johnson MD,Mrs,115.84,2025-02-11
f9ddb785-a11f-4426-b73c-82c0d6ca288b,Eddie Bowman,myself,150.31,2025-06-27
8ab368a1-3a75-448d-b52f-04a167ca8fae,Lawrence Foster,sure,227.88,2025-02-24
ec2e0955-f6eb-4832-92d2-c93bf95a66a1,Joseph Wheeler,join,321.78,2025-01-09
2801ed65-1e89-4ae6-9d84-84eb1e5ebb24,Jessica Hughes,save,88.83,2025-03-27
ee8b820b-c660-4f8c-adb9-c0fed03d9287,Aaron Wells,new,612.38,2025-09-03
ed86a05e-9f9d-4682-9191-7fb77e08ae8c,Michael Holland,population,356.64,2025-07-27
9208d2ee-f69d-48fa-abe5-8a0bc36822bd,Michael Smith,force,-5.51,2025-03-25
dad04026-e9b3-4fd0-abdb-2eb112915566,Nicholas Hoover,there,146.25,2025-05-17
9e695608-59a9-4cf1-9300-7de68d8ffb6d,Greg Montgomery,necessary,411.69,2025-09-08
1461d40f-6c17-457e-a43e-7fed1ea0f0c1,Mr. Duane Barnes,likely,269.2,2025-02-12
99183553-03c0-4cc2-be23-35ccc0f6180b,Anne Lyons,watch,303.02,2025-01-26
9a13e986-2d42-4c5d-99cc-c9180b9aa0d2,Michelle Sanders,computer,172.72,2025-07-15
e93ed52a-c53e-4ce1-8d72-09bd7462fdec,Randall Nash,down,703.26,2025-09-09
73a12e33-7a57-4506-bc94-193c7c1a668c,Susan Greene,beyond,643.35,2025-04-05
836be4bf-6003-4423-8e13-effbb0c779ef,Kenneth Black,nearly,523.47,2025-05-29
7b192581-fea7-4313-9e6c-201aa8b20bd3,Shannon Allen,watch,743.48,2025-04-14
84f29acc-f51f-4b60-8dd8-b113afaba163,Jason Gentry,level,191.27,2025-06-16
2e285f9b-336e-4b76-ac3e-215d1d36008b,Kimberly West,must,568.94,2025-06-08
1128b71d-c8ea-4ca2-a83b-e538e4580f27,Kristin Cervantes,remember,261.04,2025-06-17
877a8f81-e4e6-40b2-8451-2589f2d2457a,David Odom,present,678.33,2025-09-15
12aa94bc-0045-4ee7-9aa5-5b50582892e8,Kyle Kirby DVM,exist,-6.31,2025-06-11
86517589-43d1-41c0-9777-320351659c7f,Timothy Williams,admit,11.98,2025-08-29
117ceb59-8080-4feb-bfd8-b63815e447c5,Carrie Watson,south,202.17,2025-07-31
30c26341-6e93-4fca-bae0-e5db61ea5110,Cindy Ball,fine,517.44,2025-04-27
b6b3c335-88e5-4f38-991f-7ce39af008dc,Jasmine Butler,without,618.13,2025-03-28
caa7ae91-01fc-44d6-ad50-9d505e779aa6,Scott Wright,member,443.78,2025-05-18
8a8a9735-1fd3-4aaa-92da-fa583d980b3d,Theresa Hays,like,398.44,2025-04-09
c17e8d17-77e9-4a11-a02f-f90a705e3bb8,Kevin Lewis,cover,42.99,2025-02-11
72209233-7293-4d32-b9ec-8684afc33575,Yvonne Munoz,give,438.22,2025-05-02
7eea860c-6038-4dcf-a2af-c5ebe3889f05,Rebecca Schwartz,successful,655.39,2025-01-24
1fd1efef-69d6-4198-8377-36c0eb45d774,Angel Wilkinson,coach,231.92,2025-05-12
28b8fbf7-ff1b-44e0-b342-c48afd0fbf73,Don Miranda,employee,117.59,2025-03-23
054e77a9-999c-4d36-bac4-2768074e88ea,Elizabeth Ferguson,ago,878.92,2025-07-02
8d5f8cba-e0eb-41dd-b7df-4ba5230e97d7,Roberta Wilkerson,report,586.15,2025-01-14
bcf10ccc-f628-45bf-897a-0be0575ad430,Donna Patel,life,6.72,2025-04-29
82549419-8005-46cd-962e-a5141974e896,Amy Salas MD,whether,605.71,2025-02-17
44658c88-0c13-4d8d-89b5-d7552886bf7d,Jason Howe,expert,349.19,2025-03-20
9eb7546e-6330-49f5-9a24-7b1ecbfa3536,Laurie Hines,no,859.09,2025-07-16
2d219f95-59d3-4aa6-bc2c-b445643af091,Sarah Davis,me,342.72,2025-08-30
b9f194cb-2efa-4f5d-a96f-d90fb0dc0d15,Sarah Miller,blue,693.26,2025-03-29
f0241816-3feb-465f-aac5-218d30901d11,Justin Mcbride,year,590.31,2025-02-28
ef0bbe9a-f9e1-4a87-bf77-9d36c8310857,Megan Ware,buy,493.32,2025-06-25
f1a157bb-5249-4dfe-9218-b767b581151c,Michael Walsh,six,108.07,2025-01-01
e9fd8e67-ed91-45ac-843c-4526b9a5d24e,Bridget Davis,material,546.18,2025-09-02
5c350eb9-0144-4dd8-95d2-c497ce51ea31,Dr. Arthur Jacobs,present,677.69,2025-09-11
7650055d-3e07-419c-a80f-6307aa514a81,Stephanie Mosley,significant,798.18,2025-04-16
2f65c948-3639-4267-a510-3bd882468e87,Francisco Cooper,administration,860.84,2025-03-26
ecac7d69-a6f0-4c12-8ca5-f9058edc8455,Jerry White,class,162.78,2025-05-04
1561ca0e-c2da-4c79-8c01-bbb484319fa1,Douglas Hernandez,material,177.62,2025-02-06
2c24be2d-48d7-4f66-ad70-a03dfb26905d,Christina Cameron,compare,334.15,2025-03-29
afcc6b83-cc54-47c2-a0d6-e8514c529179,Ariel Higgins,space,752.63,2025-03-29
e89be6ed-76df-448b-b93e-d3c1883bdc21,Laura Hudson,support,256.46,2025-07-18
7dce8313-8947-4776-9195-ca2933e8c22b,Michael Hill,able,771.83,2025-07-15
a7d69391-9c3a-4b45-b0e7-79ec2e1e47e2,Mr. Douglas Allison MD,interview,483.83,2025-01-31
339606c2-182d-44c3-b7f4-f8092faa5bba,Paul Cruz,herself,413.09,2025-08-02
1bc6536a-929e-429b-bc4b-adb4f1a23d99,Hannah Schmidt,remain,365.61,2025-07-08
44dece56-3bb3-4d40-b862-ae903979cd35,Geoffrey Norman,almost,155.06,2025-07-22
ab76b3a4-7833-477b-ba1a-434dbb0a8085,Ronald Flores,organization,452.52,2025-06-25
5f40288a-76e2-443c-81bb-4511efcab5a3,Penny Jones,television,717.41,2025-01-16
4b1c064d-6988-4d65-9337-0f0d5b793091,Denise Ross,treatment,133.52,2025-09-12
1c64ea67-d828-4716-9a2f-70bea97185c2,Raymond Manning,energy,491.42,2025-01-09
d681e128-fbd8-40cc-809a-51e59f0feaaa,Donna Sparks,source,215.8,2025-09-07
573c4f94-ed8a-44d2-b12b-fbc1a6cb182c,Cindy Perry,relate,615.72,2025-09-19
4106b73c-75d2-498b-8d92-1275580471d2,Anthony Morrison,go,439.4,2025-09-03
0164e1f0-6f53-4f9c-800d-a40700d5b7c3,Charles Lopez,return,866.31,2025-02-28
2a2caef8-4226-4ab2-bd82-4c2a705b5d36,Pamela Williams,will,507.75,2025-06-03
ed504502-2ade-4a05-a57a-aab8fc368925,Jessica Hernandez,change,630.04,2025-01-31
478d6540-c931-4d4e-bd17-741de983d46d,John Waters,civil,28.73,2025-03-09
88f6816d-ec23-4148-b731-19b7a359f984,Jennifer Gonzales,also,213.64,2025-09-09
80167912-b815-41e8-a672-29ea968c9a81,Christopher Wood,study,512.71,2025-06-10
ab2036b9-3999-40d1-aa42-beb912374d6f,Steven Young,administration,39.83,2025-02-10
272bce23-dff8-4071-9976-2802f576bc38,Kristin Finley,camera,378.59,2025-06-13
2e055ba2-92b4-4dcf-8d06-43a4b29fda76,Brenda Price,already,417.0,2025-03-05
ce548f29-7d1d-4460-831a-31e66b9f338a,Lindsey Miller,as,453.08,2025-02-02
5612b903-90cb-46c8-b31e-46662f26b877,John Jimenez,decade,-3.3,2025-03-14
d60d7860-9710-469c-9ca0-62b531567e37,Keith Reeves,attention,96.74,2025-04-18
8193216b-f9a8-4a47-822e-9cb52864229c,Anthony Beard,water,388.36,2025-06-19
5e0e19cc-7ca5-4269-9365-da9145f7c739,Vanessa Tran,long,752.04,2025-04-07
fd6c0c16-0089-4ff6-b536-0aba170edbfd,Stephen Miller,ready,519.25,2025-07-04
9cadcdff-e623-4474-9ea9-14e501ce04bf,Kyle Mclean,yourself,808.49,2025-05-14
42025b0a-9197-4aeb-a49c-d713c5fe6bc5,Janet Rodriguez,question,333.77,2025-04-11
9bb7c86a-8f53-4062-9a13-0c9dfd71654e,Elizabeth Graham,box,791.73,2025-06-24
73600d3f-4ac2-4e91-898d-2702cfcf7dde,Brandy Nguyen,total,78.78,2025-08-27
e33f609c-d428-4afa-bc73-594b4d293acc,Gary Mcknight,star,658.73,2025-02-06
49dae138-b9cc-4775-96a1-338ba642a841,Amy Ford,stop,352.42,2025-06-14
a0c388da-e5aa-4fa8-9723-52d53070ab93,Alexis Mcgee,may,175.29,2025-01-21
8c363bda-eaa1-407b-9c0f-d01f746387e4,Chelsea Gilbert,dog,466.6,2025-04-01
f6de446e-de6a-4af5-b33b-5c7f849356b2,Brian Moore,wife,264.51,2025-03-31
dca2a770-7499-4c0f-9793-bd1a3caad034,Janet Moore,hear,884.79,2025-09-13
95e78cba-27e1-4e82-85d0-e94025f969b9,Mary Scott,writer,518.04,2025-09-08
797be473-4fd7-4041-be2c-6d3c72b26af4,Christine Thomas,consider,256.3,2025-01-16
f2931c79-4ff2-4084-9615-426e7318e5c7,Robert Young,physical,861.36,2025-04-06
b59790d9-6f9f-4f8a-a42a-3e1341e977c2,Jonathan Kemp,under,856.38,2025-08-10
236ddf2b-ed38-4a4b-b134-26c4ff09813d,Dylan Simpson,international,878.0,2025-05-21
bd0a533a-1e83-45c7-b9bb-85ac88913303,Jocelyn Allen,it,80.79,2025-04-18
dd95014b-c98b-46f6-b6e9-bc8ea493267e,Chad Mills,really,603.1,2025-07-01
05bbfe32-d55a-4b2c-86b1-c9e40f21890f,Stephanie Rodriguez,modern,882.3,2025-06-06
8de50eaa-8569-4146-bb92-0ca17186e4d2,Mrs. Tina Davis MD,yourself,543.71,2025-06-01
4550761e-f6e8-4e02-9dd9-aa211bb77db3,Michael Mcguire,call,87.43,2025-01-05
b600217b-34a2-4049-827e-1062e5314baa,Jennifer Cook,beyond,687.47,2025-07-19
78b6a7e5-5b6d-4ffd-bad1-411ec57e0c47,Cynthia Robinson,visit,85.08,2025-03-19
a36f8276-2c93-4945-9118-d46591d9fc45,Mark Becker,hour,252.42,2025-07-16
70e4af9c-63a2-4cc3-a5dc-35e31ada0a35,Michael Lee,deal,51.91,2025-06-03
687a3f6a-aa37-44e4-8bad-89f8ca7c8cfc,Jose Baker,time,511.44,2025-09-17
fd4e5532-0d02-4cfc-b0cc-3057c3197337,Jeremiah Nicholson,eat,216.69,2025-02-02
cee52be6-423b-4716-84fb-4c7bad98cef5,Tiffany Flores,act,739.5,2025-02-11
81dedeca-6b61-4235-81d2-7c833160b5c5,Timothy Jordan,enjoy,435.88,2025-09-02
6734366b-8659-44df-b06e-2cc75f8d04df,Rodney Fields,feel,251.08,2025-06-12
eca9b7ea-6406-401a-bf69-8d02bba01fa3,Samantha Tran,few,336.39,2025-02-20
04ed44a6-9746-4bb8-9c2a-0eed1bd3c01d,Tyler Simpson,none,506.63,2025-06-18
e60a654b-e438-4df0-b861-2e60757cabb6,Natalie Chan,require,16.78,2025-06-02
4681793e-65b5-42e4-ac67-ae3239b206e4,Daniel Bauer,send,68.01,2025-06-27
84a68101-eb39-4093-a9a8-3bf9eadb1f4e,Marissa Key,second,623.93,2025-01-28
cfe7e2a1-ae51-4921-8079-a61842c4359a,Frances Rogers,class,538.95,2025-07-24
f57ef2fa-a23b-436b-b08c-1dd64b7e3a2a,Francis Thornton,actually,435.97,2025-09-12
21dddbfb-6f83-4be9-919a-4de3c236fb75,Katelyn Davis,statement,566.84,2025-03-02
f67684b5-28f0-4f41-8d63-d512d2871d49,Aaron Palmer,reveal,661.95,2025-02-13
ea7cf51b-ce17-4beb-bf72-c54a37c5954c,Trevor Horton,strong,874.76,2025-05-02
497d5dc9-dacd-40c1-acdf-a88319900c4e,Tyler Brown,store,816.0,2025-07-02
d0762698-7f7b-46e1-ab19-f67ac66bc9dd,Danielle Lewis,pick,759.79,2025-07-06
f05e3a82-ec78-4c33-b91c-1ce93f861410,Heather French,body,871.54,2025-04-15
bae0292f-aef5-4096-8640-6e2d7553e297,Caleb Perez,some,410.07,2025-04-01
8f99324e-f55b-415d-8c80-78efdd3d70ce,Jamie Clark,guy,6.74,2025-02-11
c737cb58-41bc-43ae-b16f-57e001b3a887,Frederick Garcia,ground,54.44,2025-06-10
3cea48f1-2807-42e2-aa0e-9b77677a8ce0,Denise Jackson,item,159.34,2025-02-16
21fbf8d7-079a-4c13-a7b0-76a01a6b0918,Brooke Joseph,could,81.02,2025-08-26
0bb26a26-50dc-4d0b-a32b-bd994803ca0a,Matthew Martinez,the,578.42,2025-01-21
f0d0828f-9ed0-463e-82c9-3e341930b236,Annette Shaffer,someone,645.21,2025-01-30
7aef38dd-13a5-442c-8b44-fb41594ca5f2,Craig Murillo,skill,148.65,2025-09-09
913c2ab2-7015-4f4b-bf34-80a4851b236b,Matthew Cameron,play,555.81,2025-02-04
86a4e33c-d6f7-44b6-b896-ef7c39b1ca07,Amanda Hodge,pay,506.17,2025-07-09
b4fb802f-5ae9-4fc0-a0a9-4d08fe254625,Terrence Thompson,quickly,188.35,2025-06-09
c0fc243a-722d-45c4-b644-91cc1ecfeabd,Jeremiah Walsh,whether,573.21,2025-08-21
422d0ea3-dc04-4dc6-b276-c3ed352eb924,Michael Lyons,whether,654.67,2025-03-29
122a1b84-d32d-4cc5-9e70-ba9bde0179f9,Barbara Robinson,dog,125.05,2025-02-25
928012bb-5307-4a0e-a8d2-619ba35f3a58,Erik Riley,perform,120.41,2025-02-14
7f486fc6-b96e-4e29-9a64-e7377d098975,Brittany Woods,investment,203.64,2025-06-11
0b2254c6-6975-477c-acd3-1092b955aed5,Desiree Schmidt,hope,238.99,2025-03-28
9029b6ca-4d33-4c83-8d33-14d95890dd4e,Jacob Friedman,home,699.92,2025-09-10
c6cdb768-c4f4-4b1e-80bc-69d54d9b5f39,Veronica Hall,today,472.44,2025-05-10
7a7c4a95-b6f1-4256-8f3f-1ea727dea3a8,Cassidy Pacheco,win,456.1,2025-04-22
d0e4712b-2b3f-4422-aac5-ceae8afbd0d2,Tracy Meyer DVM,million,778.06,2025-01-23
1026abd1-9708-473f-b131-ecb3271366dc,Pamela Hall,throw,548.48,2025-04-27
b30350d9-671a-4764-83ec-68c546cea430,Kent Munoz,occur,261.98,2025-03-09
169401c4-ea92-4f65-afdf-aa74630bcd15,Derek Shields,you,299.83,2025-08-04
6f79f1e8-4d80-49b5-aeed-2259a8601132,Mr. Joel Collins,bank,737.27,2025-03-13
e1c96855-c6aa-4cc4-bca6-8392c6176f92,Nicole Ray,billion,65.76,2025-01-16
0646240e-9840-421e-9551-831dffed881e,Christopher Duarte,daughter,281.42,2025-09-15
b42c4455-506a-48e3-97f1-1095a9ca268e,Melvin Barry,animal,548.95,2025-05-11
16e16035-656e-4e56-83d8-9300af1a81b6,Ana Ball,near,694.78,2025-05-03
75df3d39-f636-4486-843a-b2da98ab7988,Michael Becker,them,193.05,2025-04-04
4c925d4f-6e22-4aa1-aba8-534222a29b32,Christopher Berg,consumer,619.5,2025-03-30
15f5c419-e030-405d-851a-f5b254a13f0a,Keith Barron,us,410.0,2025-03-16
cc328cf3-a08e-4415-a7ee-4833d5904685,Pamela Hernandez,condition,614.17,2025-07-05
b87b5945-faee-44b6-a28c-c8719854cdd1,Linda Miller,hundred,440.9,2025-03-06
8bb16274-b86d-4011-a08f-0395111e436a,Samantha Miller,myself,133.17,2025-08-22
cd6f65bd-62ab-4900-abb0-cc2cd7f1e143,Shaun Wilkinson II,method,270.49,2025-06-08
4a846304-1a43-4d98-95e1-267fccb9619e,Mr. Christopher Norris,until,718.6,2025-07-04
0e3077f7-e483-4f6b-84e0-adf7a853a38e,Stephen Adams,old,229.02,2025-01-17
e3b0daf9-63f0-4a00-96cd-e6dc0d7fff7d,Amanda Baker,that,334.27,2025-01-12
78ed0bb6-1b63-4061-a915-f966bfec999e,Daniel Watkins,player,740.96,2025-02-09
bf514837-d2b8-48d9-a7a2-73435535b38f,Jason Miller,fact,244.25,2025-03-22
dc84b475-f52e-4879-a858-401db4edc6ed,Kyle Mueller,most,647.08,2025-09-08
9a5ec39c-206c-445f-b4d3-61c36140cb9d,Kimberly Jackson,improve,553.42,2025-05-08
997836a5-1499-41c1-a24d-3d3b2e58ba20,Christina Stein,beat,639.26,2025-03-06
714aaff4-fa71-4935-9ad9-262caa24db3e,Lucas Hicks,section,442.8,2025-03-11
41d72674-01c7-4769-a9ef-ad2b13ea9fe4,Greg Roach,off,10.25,2025-07-31
e2dca21e-df76-4c68-b719-7a79553f955c,Lorraine Johnson,raise,888.1,2025-02-23
a6f11848-c809-49de-a770-29eb64832e52,Courtney Schroeder,two,312.92,2025-03-13
c816be8f-c26c-4366-915a-5a074f878ec9,Christina Martin,official,715.71,2025-05-07
47b054e4-db59-4e75-87e2-d4ad494ae32a,Jeffrey Moran,edge,51.31,2025-01-23
e66d6004-7e43-47de-92b3-28eeccd06a39,Elizabeth Mills,general,137.17,2025-07-18
860b3d37-73a3-44e9-a9ae-1cfdb3be3aa4,Michael Holmes,less,744.52,2025-01-17
7ee0ecc5-c00f-4e55-bd67-745d07b37dcf,Jennifer Moreno,whatever,334.36,2025-05-07
a52b00e5-36a8-4745-9ec1-6ce9db77881c,Amy Collins,party,584.63,2025-08-03
9731a6e2-df48-4592-bec5-faf76b9a4778,Christopher Kelly,story,432.6,2025-05-18
f5417e9b-8d22-4894-9dcb-312fb6d15894,Brent Johnson,yourself,710.41,2025-01-07
b32bc160-7d3b-4cba-8a73-d861902692fa,Jennifer Butler,may,31.57,2025-04-14
d31b760e-b2a6-4977-9fad-975acad56a4b,Ryan Beasley,skin,636.3,2025-05-17
e00e33d8-7d54-44e8-a678-9e9ad399685c,Leonard Armstrong,senior,17.24,2025-07-08
b3c21a03-5a80-47e5-a31f-f823a78d7ef7,Dennis Morales,suddenly,319.28,2025-04-18
ab31e485-3e29-46a9-8851-c0c401d464bf,Gabriela Carpenter,sign,19.44,2025-02-03
d23c2164-64fd-427c-b268-3ec364b66202,Brenda Salazar,politics,532.13,2025-02-06
c8ee8af3-559e-44cb-8977-0e8829d5e915,Blake Copeland,stay,364.02,2025-06-01
fb54e250-dd20-4bbe-8775-da9a3c33c9dc,Philip Davis,ground,109.69,2025-05-08
6dfa6994-e89a-4063-a26a-6e72955196d5,Tommy Mitchell,camera,855.56,2025-01-12
b0b1375f-a22e-40ce-a275-39b07939c97c,Charles Martinez,life,372.99,2025-01-09
357a9c9a-33af-4a05-a685-a902a0a1a0bb,Christy Erickson,every,755.98,2025-01-28
5669f334-dcb5-4d00-8f5d-7b59d60d726f,Lydia Daniel,difference,401.03,2025-07-31
a134471d-3ed2-4aff-9f7a-591ff9b289ee,Julie Leonard,administration,684.21,2025-03-24
80f03574-43f4-4c58-8ecd-b28837fa1982,Aaron Sutton,next,17.6,2025-06-09
107017a8-5e98-4e79-b5b9-b9dc3316c5d0,Michael Lee,front,310.38,2025-07-09
8a69b27f-9015-4752-8781-cf7c9113c2a3,Jennifer Watson,field,878.07,2025-05-10
63e45ebf-2e84-4198-a493-f449d058662d,Jason Howell,agent,45.35,2025-01-28
08dfe092-cf88-4206-8ec3-134325dd5cc0,Lauren Ferrell,trouble,765.87,2025-07-15
9d0ff118-d507-4201-9a84-099d3370728d,Laura Bailey,yes,449.58,2025-01-02
dbb2c80e-af37-4fcf-bcf1-d0b0c63a69dc,Samantha Mullins,in,285.67,2025-08-04
75050b17-465b-4a05-8ab3-3b5674802962,Melinda Mays,project,120.19,2025-03-16
c9017a70-566f-4cc5-9adc-0d2774267a4b,Carlos Phelps,mean,-2.43,2025-04-05
9087257e-3df2-4f0b-8c3d-452758756bb2,Dennis Mora,rest,197.93,2025-03-26
36cf8fbd-40fd-4b85-b515-ef6aa3126087,Aaron Lynch,part,838.24,2025-03-21
a48970ce-bc5b-428f-9ee0-00c531d583b8,Veronica Campbell,technology,328.3,2025-04-25
641b4ff0-6cff-4a56-94a7-aa9d7c2fb79f,Ronald Frye,these,898.19,2025-04-24
8892b90b-f663-4cce-9bd3-68450f93d622,David Thomas,crime,690.6,2025-04-14
1374b4ad-f15e-4267-81cc-6667d7cc0ff6,Mary Reid,tree,27.32,2025-08-18
fcbda994-b544-4824-8c41-ba19846e1d82,Lindsey Cooper,member,171.09,2025-07-17
fbfcf827-03c0-44c1-b1c1-0377565b7ee8,Jason Mills,somebody,483.51,2025-05-06
218f8c7c-b19c-48a3-a39b-c939984d7979,Holly Moore,else,684.01,2025-03-25
9e8d4cf6-ccfb-4628-929e-c901ae10b6c1,Sara Bailey,radio,761.57,2025-08-05
affb546e-bc23-4ac9-bc58-28069b039827,Brandon Smith,building,709.18,2025-03-17
9bb1a286-936d-4003-9150-28026242eb8e,Erik Gonzalez,smile,829.17,2025-08-25
bfedaaf7-8428-489d-a1f4-d1ba8d0b3f60,Erin Morris,indeed,549.12,2025-05-17
eb10ca24-c9bd-44a9-8d55-881d10fbbc66,Christopher Martin,rate,540.01,2025-01-04
62400f3f-c502-45b3-879a-f40e0c094808,Larry Thompson,teach,650.5,2025-07-03
944e4d12-a98b-4707-9cd8-893af775cd32,David Johnson,leave,805.85,2025-03-27
56736ea3-ef4c-4d70-b6ef-2afdc0702762,Robert Lewis,trade,800.63,2025-05-10
28b874aa-e32a-4712-83f3-6484bfffd603,Jon Larsen,quite,665.89,2025-03-28
fd70bc8e-8666-44d8-b563-7c3d6ee445c3,Peter Frazier,bad,796.02,2025-03-14
84c495db-46ae-401f-86c6-6aa5d2496d51,Joseph Rogers,collection,613.11,2025-07-23
631df58e-86db-49cb-a825-0437a8340fcb,Melissa Brown,owner,358.28,2025-05-09
5fb55686-e820-43b2-b90d-9a0029827ee8,Monica Richardson,require,260.96,2025-05-04
600b2368-7301-4017-a779-f5432930f93f,Jennifer Williams,another,712.69,2025-04-30
0dd7afa1-45d4-4301-a799-41d49dbb99a8,Eric Leonard,fund,439.94,2025-06-09
